,id,text,class,subclass,confidence,reasons_rlhf,correct_class,correct_subclass,comment
0,F0_REQ_00030,"The application's code structure should be designed for easy extension, facilitating the addition of new features.",FR,Functional,0.2,low_confidence,,,
1,F0_REQ_00032,The application should be designed for easy porting between iOS and Android platforms.,FR,Functional,0.2,low_confidence,,,
2,F0_REQ_00044,The search feature should be prominent and easy to find for the user.,FR,Functional,0.2,low_confidence,,,
3,F0_REQ_00045,"The different search options should be evident, simple and easy to understand.",FR,Functional,0.2,low_confidence,,,
4,F0_REQ_00046,Users should be able to easily understand and select results from the list with just a single click.,FR,Functional,0.2,low_confidence,,,
5,F0_REQ_00047,"Map results should be clear and user-friendly, allowing selection of any pin with a single click.",FR,Functional,0.2,low_confidence,,,
6,F0_REQ_00048,"The information link for each result should be clear, easy to identify, and open with just a single click.",FR,Functional,0.2,low_confidence,,,
7,F0_REQ_00049,The user interface should be GUI based.,NFR,Usability,0.2,low_confidence,,,
8,F0_REQ_00054,The application itself will only have minimal logic and so there should be little to no issues with the computation required by the phone itself.,FR,Functional,0.2,low_confidence,,,
9,F0_REQ_00055,"The only hazard is a user using the device when they should not be, such as while driving.",FR,Functional,0.2,low_confidence,,,
10,F0_REQ_00057,"The primary attribute of this application will be usability given the large amounts of data and information that will be presented on such a small screen, as well as the user’s ability to input data into the device in a reasonable manner that should not be that much more difficult than if they were at an actual computer.",FR,Functional,0.2,"low_confidence, too_long",,,
11,F0_REQ_00086,The FAU class ensures security-relevant events are logged and identifies what information should be included in those logs.,NFR,Security,0.2,low_confidence,,,
12,F0_REQ_00460,"Ideally, each error message will be accompanied by explanatory text and an indication of the action(s) which the user can take in response to the error.",FR,Functional,0.2,low_confidence,,,
14,F0_REQ_00743,"The system should be able to handle parameter changes in three ways: single parameter, subset of settings, and pre-defined parameter set switching.",FR,Functional,0.2,low_confidence,,,
15,F0_REQ_02874,"User interface should be attractive and easily understandable, requiring no assistance to use the website.",NFR,Usability,0.2,low_confidence,,,
16,F0_REQ_02875,"System should be able to operate efficiently on slow connections, ensuring fast and steady data flow.",FR,Functional,0.2,low_confidence,,,
24,F0_REQ_03417,The user interface should prioritize simplicity and avoid cluttering with excessive information to enhance usability.,NFR,Usability,0.2,low_confidence,,,
17,F0_REQ_02876,Data of the user should be regularly synchronized between their device and the database for auto save functionality.,FR,Functional,0.2,low_confidence,,,
18,F0_REQ_02878,"Website should be multi-platform, capable of running on different operating systems.",FR,Functional,0.2,low_confidence,,,
19,F0_REQ_02879,"Users are advised to change their password every 30 days, and maximum 3 login attempts should be allowed.",FR,Functional,0.2,low_confidence,,,
20,F0_REQ_02881,User details and data should be stored securely in a database provided by the server.,FR,Functional,0.2,low_confidence,,,
21,F0_REQ_02999,The system should perform its intended function without failure for a specified period.,NFR,Reliability,0.2,low_confidence,,,
22,F0_REQ_03080,The passport management website should provide maximal security.,FR,Functional,0.2,low_confidence,,,
23,F0_REQ_03083,Adaptive Maintenance: The software should be compatible with all web-browsing capable browsers.,FR,Functional,0.2,low_confidence,,,
28,F0_REQ_04648,"The application should be installable on Microsoft or Unix platforms and compatible with browsers such as IE, Firefox, Chrome, Opera, or Safari.",FR,Functional,0.2,low_confidence,,,
25,F0_REQ_03418,"The system should maintain high availability, ensuring uninterrupted operation at all times.",NFR,Reliability,0.2,low_confidence,,,
26,F0_REQ_03488,The site should be usable anywhere with internet connectivity and a compatible device.,NFR,Usability,0.2,low_confidence,,,
27,F0_REQ_04647,"The application should be available at all working hours, with maintenance or backup operations conducted outside of working hours.",NFR,Reliability,0.2,low_confidence,,,
30,F0_REQ_04652,Backup operations should be executed periodically to ensure data safety.,NFR,Reliability,0.2,low_confidence,,,
29,F0_REQ_04651,Queries exceeding 1 minute should be terminated.,FR,Functional,0.2,low_confidence,,,
31,F0_REQ_04653,The system should be designed to facilitate future evolution and maintenance operations.,FR,Functional,0.2,low_confidence,,,
32,F0_REQ_05037,The website must be capable of storing all data formats and should frequently connect to the database or be database sensitive.,FR,Functional,0.2,low_confidence,,,
40,F0_REQ_05601,The system should run on a good working PC that meets the hardware interface requirements specified in the system documentation.,FR,Functional,0.2,low_confidence,,,
33,F0_REQ_05072,The system should be secure to protect user data and prevent unauthorized access.,FR,Functional,0.2,low_confidence,,,
34,F0_REQ_05073,The system should be responsive and handle edits and playback smoothly.,FR,Functional,0.2,low_confidence,,,
35,F0_REQ_05075,The system should be easy to learn and use for users with varying levels of musical experience.,FR,Functional,0.2,low_confidence,,,
36,F0_REQ_05110,The graphics card should have at least 1 GB of VRAM and support OpenGL version 4.0 for enabling GPU Performance (optional feature for enhanced performance with graphic-intensive tasks).,NFR,Performance,0.2,low_confidence,,,
37,F0_REQ_05120,The graphics card should have at least 1 GB of VRAM for optimal performance (optional).,NFR,Performance,0.2,low_confidence,,,
38,F0_REQ_05121,The graphics card should ensure smoother and faster operation for graphic rendering and complex vector calculations (benefit).,FR,Functional,0.2,low_confidence,,,
39,F0_REQ_05488,The system should be accessible on various devices (mobile app implies mobile accessibility).,FR,Functional,0.2,low_confidence,,,
42,F0_REQ_05603,The system should avoid becoming overloaded and should maintain optimal performance even under peak load conditions.,NFR,Performance,0.2,low_confidence,,,
41,F0_REQ_05602,The system should efficiently handle medium-sized information databases without significant performance degradation.,NFR,Performance,0.2,low_confidence,,,
43,F0_REQ_05619,"The system is not designed for emergency medical use; in case of an emergency, users should contact emergency services such as 108 or their primary doctor.",FR,Functional,0.2,low_confidence,,,
13,F0_REQ_00562,Initialization Data,FR,Functional,0.3,"low_confidence, too_short",,,
