,global_id,text,class,subclass
0,F0_REQ_00004,The CNG shall implement an authentication failure handling policy.,NFR,Security
1,F0_REQ_00002,The CNG shall detect the end of the life of the key used for cryptographic protection of the wireless communication between the CND and the CNG.,FR,Functional
2,F0_REQ_00003,A CPN-user attempting to invoke a CNG-mediated service shall be identified and authenticated by the CNG before being granted access to the service.,NFR,Security
3,F0_REQ_00001,"Internally to the CPN, a CNG receiving private or other critical information (i.e. from a CND) should verify that the data was protected from unauthorised disclosure.",NFR,Security
4,F0_REQ_00000,"Internally to the CPN, a CNG transmitting private or other critical information (i.e. to a CND) shall protect the data from unauthorised disclosure.",NFR,Security
5,F0_REQ_00005,"The CNG shall take action according to local authentication failure handling policy (which may include silently discarding the authentication and explicit failure notification, or in the case of a replay of credentials may include notification of the true owner of the credentials) upon detection of failure during identification, authentication and authorization.",NFR,Security
6,F0_REQ_00006,The CNG should detect replayed user and/or device credentials.,NFR,Security
7,F0_REQ_00007,"When the CNG detects replayed user and/or device credentials, the CNG shall stop the relevant processes.",NFR,Security
8,F0_REQ_00008,The CNG shall implement a privacy protection policy specifying as a minimum private and critical information.,NFR,Security
9,F0_REQ_00009,"When the CNG detects violation of the privacy protection policy the CNG shall discard all signalling, including signalling from the NGN.",NFR,Security
10,F0_REQ_00010,The CNG shall implement an authorization management handling policy.,NFR,Security
11,F0_REQ_00011,On reception at the CNG of a message to access configuration information for update and detection of authorization failure the CNG shall reject the request and manage the failure in accordance with the CPN authorization management handling policy.,NFR,Security
12,F0_REQ_00013,On transmission of management information from the CNG to a CND the CNG shall append a timestamp or sequence number to the outgoing message.,NFR,Performance
13,F0_REQ_00014,On reception at the CNG of a message containing management information the CNG shall extract the timestamp or sequence number and verify that the message has not been replayed.,NFR,Performance
14,F0_REQ_00012,"Where a CND invokes a session at the CNG the CNG shall record the association of session-id, invoking device identity and invoking user-id.",NFR,Usability
15,F0_REQ_00015,On reception at the CNG of a message to access or update configuration information the CNG shall allow access only if the sender is an administrator.,FR,Functional
16,F0_REQ_00016,On detection of a message integrity error at the CNG the CNG shall discard the message.,NFR,Security
17,F0_REQ_00018,On receipt of a valid (i.e. authorized) request for data stored in the CNG the CNG shall return the requested data to the requesting user.,NFR,Security
18,F0_REQ_00019,On receipt of a valid (i.e. authorized) request for access to a CNG hosted service or application the CNG shall provide the requested service or application to the requesting user.,FR,Functional
19,F0_REQ_00017,On indication received at the CNG of a resource allocation expiry the CNG shall delete all residual data associated with the invocation of the resource.,FR,Functional
20,F0_REQ_00020,On detection of any system failure or discontinuity not specifically handled by other mechanisms the CNG shall revert to a known safe state.,NFR,Performance
21,F0_REQ_00021,The CNG shall support mechanisms to authenticate itself to the NGN for connectivity purposes.,FR,Functional
22,F0_REQ_00022,The CNG shall support mechanisms to authenticate itself to the NGN for service usage purposes.,FR,Functional
23,F0_REQ_00023,The CNG shall support mechanisms to authenticate CNDs to the NGN for service usage purposes if they are not able to fully support the related procedures in an autonomous way.,FR,Functional
24,F0_REQ_00024,The CNG shall support mechanisms for authentication of wireless CNDs for local connectivity. Similar mechanisms may be also implemented for non-wireless devices.,NFR,Security
25,F0_REQ_00025,The CNG and CPN shall support mechanisms that prevent access to the network by unauthorized users.,FR,Functional
26,F0_REQ_00026,"The capacity of the authorized entities should depend on the security policies defined by the service providers, managing the CNG.",NFR,Security
27,F0_REQ_00027,The CNG and the CPN shall implement mechanisms to limit the visibility of the WAN side network and resources to authorized entities.,NFR,Performance
28,F0_REQ_00028,The diagnostic operations on the CPN by an operator shall be performed in accordance with rules protecting the users' privacy.,NFR,Security
29,F0_REQ_00029,"CPN environment shall be protected with a stateful firewall function, that may be implemented in the CNG.",NFR,Security
30,F0_REQ_00030,The CNG and the CPN shall be able to support parental control related functionalities limiting the use of the broadband connection on a user or time basis. Limitations on a content basis may be shared with devoted network servers.,NFR,Performance
31,F0_REQ_00033,The CNG shall support both routed and bridged modes of operation.,FR,Functional
32,F0_REQ_00034,The CNG shall support direct intra-LAN connectivity between any appropriate pair of devices on the Customer Premises Network.,FR,Functional
33,F0_REQ_00031,"The CNG shall be equipped with a WAN interface towards the NGN, implementing layer 1 and 2 functionalities (one-box solution).",NFR,Usability
34,F0_REQ_00032,"LAN interfaces. The CNG shall be equipped with at least one Ethernet (minimum 100 Mbit/s) is interface. Optional interfaces could be present, e.g.: wireless LAN Wi-Fi Alliance certified, Powerlines, Plastic Optical Fiber, USB device and/or host, one or more FXS for analog telephony, DECT Cat-iq.",NFR,Usability
35,F0_REQ_00035,"The CNG shall support different IP address schemes and subnets on the same physical LAN port, and on different LAN ports, irrespective of routed or bridged mode of operation, allowing the direct addressability of CNDs from the NGN side in relation to data plane, control plane and management plane flows.",FR,Functional
36,F0_REQ_00036,"The CNG and devices shall support mechanisms to identify and share information about the customer network devices (e.g. type of device and basic capabilities, services supported etc.) within the customer environment. Some of this information can be used locally, while a subset of it can be forwarded to the NGN.",FR,Functional
37,F0_REQ_00037,The CNG shall support use of one user identity on several terminals as well as to share one terminal with several identities.,FR,Functional
38,F0_REQ_00038,"The CNG and the Customer Network shall support the NGN services usage (e.g. voice communications, video communications, IPTV, entertainment, ) allowing the connection to the right service control platforms.",FR,Functional
39,F0_REQ_00039,"The CNG should support redirection of IP Multimedia sessions, as defined by TS 181 005 [1], independently from the type of device used (NGN terminal or other CND).",NFR,Performance
40,F0_REQ_00040,"The CNG and the Customer Network shall assure the confidentiality, the integrity of signalling/control/media and management flows.",NFR,Security
41,F0_REQ_00041,"The CNG and the Customer Network shall provide the opportunity for a customer network administrator to perform service and network-related configuration. According to the service/network provider choices, the CNG and Customer Network may prevent - user initiated modification of network and service related parameters.",FR,Functional
42,F0_REQ_00042,"The CNG should negotiate session parameters (bandwidth, screen resolution, codecs) with the NGN transparently to the user.",NFR,Performance
43,F0_REQ_00043,"The CPN shall support remote access, based on NGN network functions.",FR,Functional
44,F0_REQ_00044,"The CNG shall allow the customer remote access to a CND in the Customer Network, for example a surveillance video camera.",FR,Functional
45,F0_REQ_00045,"Standard NGN authentication, routing and connectivity should be used to establish remote access connectivity.",NFR,Security
46,F0_REQ_00046,The CNG may use multiple tunnel connections for providing e.g. adequate QoS for the remote access user.,NFR,Performance
47,F0_REQ_00047,The CNG may allow secure dynamic firewall opening for remote access devices based on NGN authentication functions.,NFR,Security
48,F0_REQ_00049,"If Home to Home (H2H) communication service is provided, then each CNG must limit access to local CNDs and/or media classes based on the access rights of the remote H2H user identity.",NFR,Usability
49,F0_REQ_00048,The CNG may provide Home to Home (H2H) communication service  connecting CNDs in  different CPNs.,FR,Functional
50,F0_REQ_00051,"The CPN may support encrypted communication with remote access devices, and the encrypted communication can be terminated either at the CNG or CND.",NFR,Security
51,F0_REQ_00053,The CNG may support mechanisms supporting nomadism of the users and their subscribed services from one physical customer environment to another.,NFR,Performance
52,F0_REQ_00054,"The CNG should be able to assist in establishing Rich Communication Suite sessions between CNDs, including joining/splitting voice & media streams.",NFR,Performance
53,F0_REQ_00050,"If Home to Home (H2H) communication service is provided, then each CNG must ensure that emergency service sessions originating in its CPN are associated with the appropriate location information and/or calling identity.",FR,Functional
54,F0_REQ_00052,The CNG may act as a proxy for handling messages (requests and responses) related to the remote access scenarios to and from the home.,FR,Functional
55,F0_REQ_00059,The CNG shall support a mechanism allowing the support of call forking towards customer non-IMS capable devices.,FR,Functional
56,F0_REQ_00055,It should be possible for more than one identity to be associated with a single CPN subscription.,FR,Functional
57,F0_REQ_00057,It shall be possible for a single public identity to be associated with multiple CNDs where each association is allocated a unique private identity.,FR,Functional
58,F0_REQ_00056,It should be possible for a service profile to be associated with each identity within a CPN subscription.,FR,Functional
59,F0_REQ_00058,Multiple public identities on the same terminal shall be supported.,FR,Functional
60,F0_REQ_00060,The CNG shall able to store information related to private identities of non-IMS capable CNDs.,NFR,Performance
61,F0_REQ_00061,The CNG shall support a mechanism allowing the support of call forwarding toward non-IMS capable CNDs.,FR,Functional
62,F0_REQ_00062,The CNG shall support intra-CPN communication between IMS and non-IMS capable CNDs.,FR,Functional
63,F0_REQ_00064,The NGN network should be provided with a CND location information.,FR,Functional
64,F0_REQ_00063,The customer environment (CNG and/or CNDs) should support a mechanism to allow service roaming,FR,Functional
65,F0_REQ_00066,The CNG shall support mechanisms for managing IPTV flows provided both in unicast and multicast mode.,FR,Functional
66,F0_REQ_00069,The CNG shall support the connection to a STB (or media gateway) both in a bridged or in a routed mode of operation.,FR,Functional
67,F0_REQ_00065,Codec requirements and capabilities for the User Equipment (including the CNG) are already defined in TS 181 005 [1] which describes service requirements and capabilities for the TISPAN NGN.,NFR,Usability
68,F0_REQ_00067,In case of multicast flows the CNG shall keep a record of which devices are subscribed to which multicast group.,FR,Functional
69,F0_REQ_00068,An IPTV media flow shall be terminated by a STB or by a specific device called media gateway (or application gateway). The CNG shall not terminate any IPTV flow by itself.,FR,Functional
70,F0_REQ_00071,In case of multicast streams the CNG should support proxy functionalities to optimize the management of information related to signalling.,NFR,Performance
71,F0_REQ_00072,"CNG shall perform a link layer multicast to unicast translation if the STB or media gateway are connected using customer network technologies not supporting multicast flows (e.g. powerlines, wireless).",FR,Functional
72,F0_REQ_00074,Functionalities related to Electronic Programming Guide and DRM management shall be implemented in STB or media gateway and not in CNG.,FR,Functional
73,F0_REQ_00070,Depending on the operation mode chosen (bridged or touted) and on the type of flow treated (unicast or multicast) the CNG shall forward packets only to the physical interfaces which are connected to devices interested to the IPTV flow.,NFR,Usability
74,F0_REQ_00073,STB or media gateways should be equipped with a programmable open API allowing the implementation of specific service logics.,FR,Functional
75,F0_REQ_00079,CPN should support storage of UGC within the CPN.,FR,Functional
76,F0_REQ_00076,Protocols adaptation for control plane or management plane may be performed by CNG.,FR,Functional
77,F0_REQ_00078,CPN should support user generated content (UGC) using  an NGN service.,NFR,Usability
78,F0_REQ_00077,"Presence related information shall be sent to the NGN by the STB or the CNG (depending on the specific architectural choices, CNG could manage the presence related information on behalf of the specific device used) to enable specific services tailored on the specific user's profile.",NFR,Usability
79,F0_REQ_00075,Media flows (data plane) transcoding shall be performed by STB or media gateway and not by the CNG.,FR,Functional
80,F0_REQ_00080,"Subject to applicable regulation, UGC media streams may be sent directly from one CPN to one or multiple other CPN.",NFR,Performance
81,F0_REQ_00083,"CPN should support inter-destination content synchronisation of streaming multimedia content. This should achieve that all or a specific group of users consuming specific content get the content presented simultaneously, i.e. without user-noticeable delay difference.",NFR,Performance
82,F0_REQ_00084,"The CNG and the CPN shall support adequate Quality of Service mechanisms (e.g. prioritize the traffic in the event that there is not sufficient bandwidth in the customer network in order to ensure the correct network performances to each traffic flow). To achieve this objective a number of functionalities shall be supported by CNG and/or CNDs, as defined in the following bullets. Most of the following set of requirements is defined adopting as a reference the Home Gateway Initiative (HGI) Release 1 Specification mentioned in clause 2 [6].",FR,Functional
83,F0_REQ_00081,"CPN should support bookmarks (e.g. hyperlinks) to stored and streaming user-generated content in order to store and exchange references to uploaded and streaming UGC,.",NFR,Usability
84,F0_REQ_00082,The user should be able to personalize bookmarks to UGC.,NFR,Usability
85,F0_REQ_00085,The NGN network QoS functions shall be possible to use to enhance the end-user experience.,NFR,Performance
86,F0_REQ_00086,The CNG may interact with the Resource and Admission Control Subsystem (RACS) as defined in ES 282 001 [9] to support remote real-time QoS control,NFR,Performance
87,F0_REQ_00087,The CNG may interact with network elements inside the CPN to support QoS control inside the CPN.,NFR,Performance
88,F0_REQ_00088,The CNG shall classify packets entering the CPN through its WAN interface (downstream direction) according to a number of predefined priorities. Classification can be done on the basis of different layer 2 and/or layer 3 parameters.,NFR,Usability
89,F0_REQ_00089,"The number of possible values defining the packet priority and, by consequence, the number of queues managed in the downstream direction shall be coherent with the number of concurrent services (data, communication, entertainment) to be treated and supported.",FR,Functional
90,F0_REQ_00090,"When forwarding packets from the WAN interface to the customer network, the CNG shall perform one of the following three actions, depending on the classification results: manage a number of queues corresponding to the different priorities detected in the classification phase for each packet processed, send the packets to some internal buffers or simply drop the packet.",NFR,Usability
91,F0_REQ_00093,"When forwarding packets from the customer network to the WAN interface, the CNG shall manage a number of queues corresponding to the different priorities detected in the classification phase for each packet processed.",NFR,Usability
92,F0_REQ_00094,The CNG shall be able to classify intra-LAN traffic that is simply bridged by the CNG itself within the CPN.,FR,Functional
93,F0_REQ_00091,The CNG shall classify packets coming from the CPN through its LAN interfaces (upstream direction) according to a number of predefined priorities. Classification can be done on the basis of different layer 2 and/or layer 3 parameters.,NFR,Usability
94,F0_REQ_00092,"The number of possible values defining the packet priority and, by consequence, the number of queues managed in the upstream direction shall be coherent with the number of concurrent services (data, communication, entertainment) to be treated and supported.",FR,Functional
95,F0_REQ_00097,"In case of managed services, QoS rules applied by CNG shall be configurable by a remote management system.",NFR,Performance
96,F0_REQ_00098,"In case of unmanaged services, user shall be able to access a QoS configuration function implemented in the CNG.",NFR,Performance
97,F0_REQ_00099,"CNG shall be equipped with an application client to be remotely manageable by the service providers for configuration, monitoring, firmware upgrade purposes. In case of multiple service providers multiple clients configuring different sets of parameters (for example referring to different services) may be present. A single parameter can be modified by a single client only.",FR,Functional
98,F0_REQ_00095,"Traffic marking: depending on what are the parameters used to perform classification, CNDs or CNG itself on behalf of the CNDs shall be able to modify the packets' priority.",FR,Functional
99,F0_REQ_00096,"In case of huge amount of traffic in upstream or downstream directions, a congestion management mechanism shall be implemented in the CNG to minimize the impact from the user experience point of view.",NFR,Usability
100,F0_REQ_00100,"It shall be possible to configure the CNG (e.g. firmware downloading) according to the subscribed services. This operation may be performed when the CNG is connected to the network for the first time, for each new service subscription/modification, or for any technical management (e.g. security, patches, etc.).",NFR,Performance
101,F0_REQ_00101,CNG shall support mechanisms for secure authentication and communication with the remote management system.,NFR,Security
102,F0_REQ_00103,A suitably authorized CPN user (e.g. the system administrator) shall be able to install and activate NGN managed services without the intervention of the subscribing CPN user.,NFR,Security
103,F0_REQ_00104,"A suitably authorized CPN user (e.g. the system administrator) shall be able to manage and configure the provisioning, capabilities and use of NGN managed services from an NGN access point outside the CPN.",NFR,Security
104,F0_REQ_00102,The CNG shall be associated with a unique Hardware ID to be used for identification NGN side.,FR,Functional
105,F0_REQ_00106,"The CNG Remote Management requires to manage a specific set of parameters. At least the following list of parameters shall be available: Customer Identification, Physical Line Identification, list of subscribed services, CNG IP address.",NFR,Reliability
106,F0_REQ_00109,CNG shall support mechanisms allowing the CNDs remote management when applicable.,FR,Functional
107,F0_REQ_00108,CNDs connected to the CPN and devoted to specific NGN managed services shall be remotely manageable.,FR,Functional
108,F0_REQ_00107,"For the CNG management it is recommended to use a single protocol, so as to minimize the complexity and the cost of the service.",FR,Functional
109,F0_REQ_00105,A CPN user shall be able to configure any unmanaged service provided to the user.,NFR,Usability
110,F0_REQ_00110,Protection mechanisms shall be implemented to avoid that a management client could access and modify parameters that is not allow to configure.,NFR,Performance
111,F0_REQ_00111,"The CPN (trough CNDs and/or CNG) shall support manual configuration to insert information to access IMS network (e.g. IMPU, IMPI, Shared keys, Home Network Domain or P-CSCF IP Address, etc.).",FR,Functional
112,F0_REQ_00114,The CND should be able to support bootstrap capabilities in order to retrieve network configuration data to connect the NGN.,FR,Functional
113,F0_REQ_00113,The Network Configuration Server should be able to upload different parameter sets related to service subscription.,FR,Functional
114,F0_REQ_00112,The CND directly or through the CNG must be able to access to Network Configuration Service Function without involving any user interaction.,NFR,Usability
115,F0_REQ_00115,The CND/CNG shall support a mechanism allowing the user to manually modify the association between a public identity (e.g. phone number) and a specific private identity corresponding to a single customer device not provided with a UICC and corresponding also to legal service level agreements between the user and the service provider.,FR,Functional
116,F0_REQ_00116,The CPN (CND and/or CNG) shall support a method to access a Self Configuration Server.,FR,Functional
117,F0_REQ_00117,The CPN should support a capability to ensure QoS and call prioritization for sessions originating or terminating in the H(e)NB.,NFR,Performance
118,F0_REQ_00119,Authorized users shall be able to access NGN-based services using any NGN supported home device.,NFR,Security
119,F0_REQ_00118,"A CND, as defined in clause 3, may use the CNG to access NGN services.",FR,Functional
120,F0_REQ_00120,Both IMS capable devices with or without UICC and non-IMS capable devices without UICC shall be supported.,NFR,Performance
121,F0_REQ_00121,"If the CND contains an ISIM/UICC, it shall support the AKA authentication method (TS 187 001 [8])",NFR,Security
122,F0_REQ_00122,"If the CND does not contain an ISIM/UICC, it shall support the HTTP Digest authentication or the NBA",NFR,Security
123,F0_REQ_00123,"The CND shall provide its registration identity, when it requires the registration to the network.",FR,Functional
124,F0_REQ_00124,"In order to support the NGN services and intra-CPN communications, all the CNDs in the CPN shall be addressable directly or by the mean of the CNG using L2/L3 mechanisms.",NFR,Performance
125,F0_REQ_00126,The CND should support protocol for local authentication in CPN/CNG.,NFR,Security
126,F0_REQ_00127,"The CND shall support the NGN services usage (e.g. voice communications, video communications, IPTV, entertainment, etc.) allowing the connection to the right service control platforms to process the media.",FR,Functional
127,F0_REQ_00128,The CND shall support protocol to access the NGN service layer platforms.,FR,Functional
128,F0_REQ_00129,The CND shall support protocols to access Self Configuration application (as defined in clause 4.1).,FR,Functional
129,F0_REQ_00125,The CND should support protocols for remote access management.,FR,Functional
130,F0_REQ_00133,"The CNG should support or not prevent redirection of IP Multimedia sessions, as defined by TS 181 005 [1], independently from the type of device used (NGN terminal or other CND).",NFR,Performance
131,F0_REQ_00134,"The CPN shall support secure remote access control, based on NGN network functions.",NFR,Security
132,F0_REQ_00131,The CND should be able to communicate its services related capabilities to the CNG.,FR,Functional
133,F0_REQ_00130,The CND shall be able to download and install client application services.,FR,Functional
134,F0_REQ_00132,The CND should be able to support one or more codecs for communication services (as defined by TS 181 005 [1]).,FR,Functional
135,F0_REQ_00136,The CNG shall support a mechanism allowing the support of call forking towards customer non-IMS capable devices and shall able to store information related to private identities of non-IMS capable CNDs.,FR,Functional
136,F0_REQ_00137,(i.e. using the same CND in two different CPNs declaring the same public identity). Supporting this scenario for non IMS capable CNDs is still to be discussed.,NFR,Performance
137,F0_REQ_00139,"In case of managed services, QoS rules applied by CNG shall be configurable by a remote management system",NFR,Performance
138,F0_REQ_00135,"Multiple identities should be supported within the same subscription. Personal service profiles per each identity within the same subscription should be supported. A shared public identity on several terminals, with different private identities, shall be supported (shared IMPU).",FR,Functional
139,F0_REQ_00138,CNG shall be able to classify intra-LAN traffic that is simply bridged by the CNG itself within the CPN.,FR,Functional
140,F0_REQ_00141,The CNG shall support mechanisms for secure authentication and communication with the remote management system.,NFR,Security
141,F0_REQ_00142,"In case of managed services, the CNG shall support zero-touch provisioning to activate new services, starting from Internet access to voice and video services and shall be remotely manageable. In case of unmanaged services the user shall be able to configure the CNG by himself.",FR,Functional
142,F0_REQ_00144,"(e.g. VoIP phones, Video phones, STBs, etc).",FR,Functional
143,F0_REQ_00140,"The CNG shall be equipped with an application client to be remotely manageable by the service providers for configuration, monitoring, firmware upgrade purposes. In case of multiple service providers multiple clients configuring different sets of parameters (for example referring to different services) may be present. A single parameter can be modified by a single client only.",FR,Functional
144,F0_REQ_00143,CNDs connected to the CPN and devoted to specific managed services shall be remotely manageable,FR,Functional
145,F0_REQ_00146,The CND/CNG shall support a mechanism allowing the user to manually modify the association between a public identity (e.g. phone number) and a specific private identity corresponding to a single customer device not provided with a UICC.,FR,Functional
146,F0_REQ_00147,Successful authentication is a prerequisite for the processing of any on-line or offline CEPS transaction,NFR,Security
147,F0_REQ_00148,"On-line authentication must take place between the card issuer and the CEP card for load, unload, and currency exchange transactions",NFR,Security
148,F0_REQ_00149,The card issuer and the CEP card share a secret key to generate and verify MACs,FR,Functional
149,F0_REQ_00145,The CND directly or through the CNG must be able to access to Network Configuration Service Function avoiding any user interaction. (and so the Network Configuration Server should be able to upload different parameter related to service subscription).,NFR,Usability
150,F0_REQ_00150,Off-line authentication must take place between a PSAM in the POS device and the CEP card for purchase and cancel last purchase transactions,NFR,Security
151,F0_REQ_00151,"The card and the PSAM must use a public key algorithm for mutual authentication and session key exchange, as no permanent shared secret key may exist between the CEP card and the PSAM",NFR,Security
152,F0_REQ_00152,"To load value into a slot of the CEP card securely, the load device establishes a connection between the issuer and the CEP card",NFR,Security
153,F0_REQ_00153,"The card should use a unique diversified secret key, personalized into the card, to generate and authenticate transaction signatures",NFR,Security
154,F0_REQ_00154,"If this is not a cash load, the funds issuer needs to verify that the funds are requested by the legitimate account owner, which is normally done by the presentation of an enciphered PIN",FR,Functional
155,F0_REQ_00157,The load device sends S1 in an authorization request to the issuer,NFR,Security
156,F0_REQ_00158,The load device also provides for verification of the identity of the cardholder (with either on-line or off-line PIN verification) and forwards verification data in the authorization request,NFR,Security
157,F0_REQ_00155,"The card issuer needs to ensure that the load acquirer is guaranteeing payment for the electronic value, and that the card is authentic",FR,Functional
158,F0_REQ_00156,"The load acquirer needs to ensure that the issuer is the true owner of the card, and, in the case of an apparent failure of the load, the load acquirer needs the card presented to authenticate the failure",NFR,Security
159,F0_REQ_00159,The issuer validates S1 to authenticate the card and the data to be used in the transaction,NFR,Security
160,F0_REQ_00160,The issuer sends S2 to the load acquirer in the authorization response message,NFR,Security
161,F0_REQ_00162,"The cardholder must have an account relationship with the card issuer, and funds removed from the card are credited to the cardholder account only after the card issuer authenticates the card",NFR,Security
162,F0_REQ_00164,"The card generates S1, using data from the card and load device, and sends S1 to the card issuer to authenticate the card and the data that is to be used in the transaction",NFR,Security
163,F0_REQ_00163,"The issuer needs only to authenticate the card, and the card needs only to authenticate the issuer and that the data is the same as used by the issuer",NFR,Security
164,F0_REQ_00161,Unloads are permitted only to an account controlled by the card issuer and are performed only at a load device under the control of the card issuer,FR,Functional
165,F0_REQ_00167,"During a purchase transaction, the CEP card must ensure that it is dealing with an authentic POS device, and it must generate a signature to allow the card issuer to verify the integrity of the transaction",NFR,Security
166,F0_REQ_00168,"The POS device must ensure that it is dealing with an authentic card, and guarantee integrity of transactions and batches to the merchant acquirer",NFR,Security
167,F0_REQ_00169,"In the case of a reversal, the CEP card must re-authenticate the PSAM",NFR,Security
168,F0_REQ_00166,"In the case of an unsuccessful completion, exception processing outlined in the On-line Exception Processing section is performed",FR,Functional
169,F0_REQ_00165,"The card issuer generates S2, which is sent to the card to allow the card to validate the card issuer??s authenticity and to ensure that the data used by the card in the transaction is the same as the card issuer intended",FR,Functional
170,F0_REQ_00174,Transmissions between host systems should be protected by MACs based on unique keys that are shared by the nodes involved,NFR,Performance
171,F0_REQ_00172,"The PSAM authenticates that the purchase transaction being canceled was performed by the PSAM, and that the transaction being canceled is part of the active batch",NFR,Security
172,F0_REQ_00171,"During a Cancel Last Purchase transaction, the CEP card is authenticated by the PSAM in the POS device",NFR,Security
173,F0_REQ_00170,"The card must ensure that the transaction is performed by the same POS device as was used for the purchase being canceled, and that the amount of the cancellation is the same as the amount of the purchase, or, in the case of an incremental purchase, the same as the amount of the last step",FR,Functional
174,F0_REQ_00173,The card issuer and the merchant acquirer also authenticate the transaction when they receive it,NFR,Security
175,F0_REQ_00175,"The transaction signatures ensure end to end integrity of transmitted data for load, unload, and currency exchange transactions",NFR,Security
176,F0_REQ_00176,These totals are used by the merchant acquirer to ensure the integrity of the batch,NFR,Security
177,F0_REQ_00178,Scheme providers must assign unique identifying numbers to merchant acquirers who provide PSAMs,NFR,Performance
178,F0_REQ_00179,These merchant acquirers must then assign unique identifiers to PSAMs,NFR,Performance
179,F0_REQ_00177,"The count and amount of the transactions in the batch must be protected by the S4 MAC,  This information is not part of the card issuer??s verification process",FR,Functional
180,F0_REQ_00181,"Contain the CA public RSA key, the PSAM??s private RSA key and optionally the certificates that the POS device uses to perform mutual authentication with the CEP card",NFR,Security
181,F0_REQ_00180,"Each PSAM must maintain a transaction count, The unique PSAM ID and the transaction count are used during a conversation with a CEP card. The transaction count must not be reset during the life of the PSAM",FR,Functional
182,F0_REQ_00184,Contain the details of a transaction between the initialize command for that transaction and the initialize command for the next transaction,FR,Functional
183,F0_REQ_00182,"Perform the calculation required to generate a signature using the PSAM??s private RSA key, to allow the CEP card to validate the PSAM",FR,Functional
184,F0_REQ_00183,Contain the latest transaction count and amount of batches that have not been deleted from the POS device by the merchant or merchant acquirer,FR,Functional
185,F0_REQ_00188,Send transactions to card issuers or their processors in a standard format defined in agreement with the scheme provider,FR,Functional
186,F0_REQ_00187,Ensure that each batch of transactions is cleared and settled once and only once,FR,Functional
187,F0_REQ_00186,Perform the verification of signatures and certificates during a purchase and cancel last purchase transaction,FR,Functional
188,F0_REQ_00189,"Ensure that CA public keys, aggregation parameters, blocking lists and issuer certificate revocation lists from the scheme providers are sent to the POS devices",FR,Functional
189,F0_REQ_00185,"Be the entity that maintains control over the flow of a transaction, ensuring that all security is enforced",NFR,Security
190,F0_REQ_00193,"The scheme provider must ensure that the entire process between merchants, merchant acquirers, card issuers, and processors is auditable and reconcilable",FR,Functional
191,F0_REQ_00192,"If a supported scheme provider has a dispute resolution process, participate in that dispute resolution process with connecting processors to resolve any issues related to invalid transactions. These resolution processes should include a mechanism for repayment of funds associated with invalid transactions",FR,Functional
192,F0_REQ_00190,"Share one or more MAC keys with connecting processors, create a MAC on each transmission sent to another processor, and verify the MAC on each transmission received from another processor",FR,Functional
193,F0_REQ_00191,Send transactions to other processors in a standard format defined in agreement with the scheme provider,FR,Functional
194,F0_REQ_00194,"If errors in the card issuer MAC are discovered by the card issuer during its processing of the transactions, a dispute mechanism, established by the scheme provider, may be used to have money refunded",FR,Functional
195,F0_REQ_00195,"If a scheme provider establishes a central error repository, all transactions for the scheme with MAC errors must be sent to that central error repository whether or not they are submitted to the dispute process",FR,Functional
196,F0_REQ_00199,The amount to be reversed is the amount of the last step of the transaction. The reversal command sent to the CEP card contains a S2 MAC computed by the PSAM,FR,Functional
197,F0_REQ_00197,The timing of payment to the merchant must be established between the merchant and the merchant acquirer,FR,Functional
198,F0_REQ_00196,"Payment for a transaction is only required when a detail transaction is submitted for payment, A merchant acquirer may choose to pay the merchant using the batch total",FR,Functional
199,F0_REQ_00198,"A purchase transaction may be reversed, prior to the removal of the CEP card from the POS device, by sending a purchase reversal command to the CEP card, The CEP card must authenticate the PSAM using certificates previously exchanged",NFR,Security
200,F0_REQ_00201,"The CEP card authenticates the PSAM using the certificates previously received and the S2, The CEP card increments the value of the purse and logs the transaction",NFR,Security
201,F0_REQ_00200,"The PSAM in the POS device generates a merchant acquirer S5 MAC for the transaction, computes a new S4 MAC on the updated batch total count and amount, and logs the transaction",FR,Functional
202,F0_REQ_00204,"If the POS device supports multiple applications or multiple transaction types, an interaction between the terminal and consumer or sales agent determines the CEP application and the function to be performed (cancel last purchase transaction)",FR,Functional
203,F0_REQ_00202,The CEP card sends a response to the reversal command to the POS device. The reversal is considered to be successful even in the event of a negative response or no response from the CEP card,FR,Functional
204,F0_REQ_00203,"After the CEP card is inserted in the POS device, the POS device initiates the cancel last purchase transaction",FR,Functional
205,F0_REQ_00207,The PSAM in the POS device generates a merchant acquirer S5 MAC for the transaction and a new S4 MAC for the batch total count and amount and logs the transaction. The amount of the canceled last purchase transaction is subtracted from the header amount. The transaction is kept in a data store associated with the POS device until the merchant acquirer collects it,FR,Functional
206,F0_REQ_00205,"The CEP card verifies that the PSAM is the PSAM used in the original transaction, computes a S1 MAC using the same DES session key that was used for the purchase transaction being cancelled, and responds to the POS device with the S1 and the identification of the last transaction. If the purchase transaction to be canceled has been canceled or is not part of the active batch, the command is not allowed",FR,Functional
207,F0_REQ_00209,The CEP card authenticates the terminal using the S2 MAC and the session key from the purchase transaction being cancelled. The CEP card increments the value of the purse and logs the transaction. The CEP card verifies that the cancellation amount is equal to the amount of the last step of the purchase transaction,NFR,Security
208,F0_REQ_00208,"A credit command, which contains the S2 MAC computed by the PSAM using the session key, is sent to the CEP card",FR,Functional
209,F0_REQ_00206,The PSAM either retrieves or re-derives the DES session key used for the purchase transaction being cancelled. The POS device authenticates the CEP card using this key and the S1 MAC,NFR,Security
210,F0_REQ_00210,A transaction collection process must exist. Data being transmitted from the POS devices must be transmitted in a manner that ensures integrity of the data,NFR,Security
211,F0_REQ_00214,The aggregated totals by card issuer must be transmitted to the merchant acquirer at the same time and manner as the non-aggregated detail transactions in the batch,NFR,Performance
212,F0_REQ_00213,"If the business rules allow this transaction is to be aggregated, the PSAM must determine if it has an aggregation record for the card issuer. If the PSAM does not have an aggregation record for the card issuer, a new aggregation record for the card issuer must be created",FR,Functional
213,F0_REQ_00212,The merchant acquirer validates the batch to ensure that it has been transmitted correctly and enters it into the log,FR,Functional
214,F0_REQ_00211,The batch is sent to the merchant acquirer. Delivery may involve transmission to multiple intermediate locations or it may be direct to the merchant acquirer,FR,Functional
215,F0_REQ_00219,"After investigation, if the merchant acquirer decides, based on scheme rules, to accept the transactions, a method must exist to settle them and forward them to the card issuer",FR,Functional
216,F0_REQ_00216,"The merchant acquirer validates the PSAM??s MACs prior to accepting the POS transactions for payment. In addition, selected data elements are validated to ensure correct processing by the POS device and its PSAM",FR,Functional
217,F0_REQ_00218,"Payment decisions are based on signature validations, scheme provider rules, and merchant and merchant acquirer agreements",FR,Functional
218,F0_REQ_00215,"Each POS transaction completed at the POS device is given a S5 MAC by the PSAM, which is used by the merchant acquirer to validate that the transactions were made at a POS device with a valid PSAM. The batch total count and amount must be protected by the S4 MAC, which must also be validated by the merchant acquirer",FR,Functional
219,F0_REQ_00217,"Each purchase transaction is signed by the CEP card with a S6 MAC, which is used by the card issuer to validate that the transaction was made with a legitimate, not counterfeit, CEP card. The card issuer validates the CEP card??s MAC",FR,Functional
220,F0_REQ_00223,All load transactions are on-line transactions. Authorization of funds for load transactions must require a form of cardholder verification. The load device must support on-line encrypted PIN or off-line PIN verification,NFR,Security
221,F0_REQ_00224,Off-line PIN verification must include both encrypted and unencrypted PIN,NFR,Security
222,F0_REQ_00220,"A transaction that passes merchant acquirer validations and is forwarded to the card issuer is paid for by the card issuer. If the transaction does not pass card issuer validations, the card issuer may follow the scheme provider??s dispute procedures",FR,Functional
223,F0_REQ_00221,"Pay on detail is the default payment arrangement for merchant acquirers to provide payment to their merchants. In this arrangement, the merchant acquirer relies on the POS transaction S5 MAC to determine acceptance. Merchants are paid only for valid POS transactions",FR,Functional
224,F0_REQ_00222,POS transactions that were rejected for payment by the merchant acquirer are flagged with an error code indicating the type of validation failure and are forwarded to the card issuer for CEP card history information only,FR,Functional
225,F0_REQ_00225,The card verification method indicator (CVMI) in the CEP card must specify support of online PIN verification and at least one method of off-line PIN verification (encrypted or unencrypted),NFR,Security
226,F0_REQ_00226,"Since these transactions are on-line to the issuer, the issuer has the opportunity to lock the card or the application. These transactions are not available to a card that has already been locked",NFR,Reliability
227,F0_REQ_00228,Load acquirers must determine the currencies that they must support for load transaction,FR,Functional
228,F0_REQ_00229,"The CEP application must contain data that indicates the presence of a linked financial institution. If a linked financial institution is established for the CEP application, then linked loads must be allowed and data in the application must indicate whether linked loads are supported",FR,Functional
229,F0_REQ_00227,Card issuers must inform their cardholders as to which currencies they support in electronic purses,FR,Functional
230,F0_REQ_00231,"Unload and currency exchange transactions are optional for CEP card issuers. The CEP card must indicate whether the card issuer supports these transactions. However, if a card issuer issues multi-currency capable cards, it must provide its cardholder with a facility to remove any remaining value. As a result, if a card issuer supports loading of multiple currencies onto a card, then it must support the unload or currency exchange transaction or both",FR,Functional
231,F0_REQ_00233,"Currency exchange rate fluctuations may increase the card issuers liability. The card issuer must be able to adjust maximum balances to bring them in line with their policies. The card issuer may update the maximum balances as part of a load, a partial unload, and a currency exchange transaction. On a currency exchange transaction, only the ??to? currency maximum balance may be updated",FR,Functional
232,F0_REQ_00234,"A CEP card may contain currencies that the load acquirer does not support. As a result, load devices must use the alphabetic issuer-supplied currency code and currency exponent from the CEP slot(s) to display the source amounts for the currency conversion transaction",FR,Functional
233,F0_REQ_00232,The card issuer must establish its policies for assigning and adjusting slot maximum balances. These policies may require the card issuer to maintain a card database,FR,Functional
234,F0_REQ_00230,"Flexibility is required to accommodate the variety of environments where unlinked loads may be implemented. As a result, the design specification must not preclude dual-leg transactions** from taking place either sequentially or in parallel. The design of a given implementation will vary depending on the device, host, and network capabilities",FR,Functional
235,F0_REQ_00239,The card issuer must have the ability to deactivate a CEP application in the response to a load or currency exchange transaction,FR,Functional
236,F0_REQ_00235,Card issuers must provide an alphabetic currency code in each message that establishes a new currency. This alphabetic currency code and the currency exponent will be used by the load device to display currency balances. This allows the cardholder to identify the currency being displayed,FR,Functional
237,F0_REQ_00238,The card issuer must notify the cardholder if the assessment of service fees by the card issuer during the currency exchange transaction may result in a balance of zero after the transaction has completed,FR,Functional
238,F0_REQ_00236,"Script messages that conform to EMV specifications may be included as part of load, unload and currency exchange messages from the card issuer to the CEP card. An update key must be used when card parameters are changed. Script messages may be sent to the CEP card either before or after the credit for load, debit of unload and currency exchange commands",FR,Functional
239,F0_REQ_00237,All on-line messages must have the ability to include card issuer discretionary data from the CEP card,FR,Functional
240,F0_REQ_00243,"The CEP card limits each slot to a maximum balance. The maximum balance for a slot is established when a currency is assigned to the slot, and is determined externally by the card issuer or by CEP card data which indicates a maximum balance in a reference currency. There is no requirement that all slot maximums have the same relative value, and there is no requirement for the card to maintain a maximum total value",NFR,Performance
241,F0_REQ_00244,Only one version of the CA public key is required in the card. This requires that the PSAMs with which the CEP card exchanges cryptograms must be capable of generating and validating cryptograms using the relevant keys from all current cards,NFR,Performance
242,F0_REQ_00241,"It is a card issuer??s decision to determine the currencies that are allowed to occupy slots in the CEP card. This decision is made by the card issuer during the load or currency exchange transaction, by approving or rejecting the request to authorize the transaction",FR,Functional
243,F0_REQ_00240,"The CEP card may support multiple currencies. Each currency occupies a ??slot? within the CEP. The slots are defined by the currency supported. The currency for an individual slot is determined during load or currency exchange. Currency exchange could apply to a single slot, and then only for the total balance",FR,Functional
244,F0_REQ_00242,A single currency cannot occupy more than one slot. The CEP card must not permit a slot to be assigned a currency if another slot in the CEP card has already been assigned to that currency,FR,Functional
245,F0_REQ_00245,"Two-way, or mutual, authentication, where the card authenticates the terminal and the terminal authenticates the card for each transaction, must be performed for off-line transactions",NFR,Security
246,F0_REQ_00246,"For increased security and convenience, asymmetric cryptography must be used as the authentication security for off-line transactions",NFR,Security
247,F0_REQ_00247,"The card must authenticate the terminal at the point of sale, ensuring that it is genuine and valid, and use a two-way authentication process",NFR,Security
248,F0_REQ_00249,The terminal must participate in a two-way authentication process with the card,NFR,Security
249,F0_REQ_00248,"The terminal must authenticate the card and the transaction at the point of sale, ensuring that they are genuine and valid",NFR,Security
250,F0_REQ_00251,The terminal must secure transactions by retaining the card??s symmetric MACing key signature as part of the transaction,NFR,Security
251,F0_REQ_00253,"Incremental purchase transactions must use two-way authentication for the initial session authentication, and at least one-way, with the terminal authenticating the card, for the remaining increments or some of the remaining increments",NFR,Security
252,F0_REQ_00250,"For cancel last purchase transactions, the terminal must validate the card and sign the cancellation",FR,Functional
253,F0_REQ_00252,The terminal must generate a symmetric MACing key signature and send it to the merchant acquirer,FR,Functional
254,F0_REQ_00254,Load and unload functions must be authenticated using end-to-end security between the card and the card issuer,NFR,Security
255,F0_REQ_00258,"The management of keys must be accomplished in a secure, certified environment",NFR,Security
256,F0_REQ_00256,The card must authenticate the issuer host upon the response to the request,NFR,Security
257,F0_REQ_00255,The issuer host must authenticate the card upon the load/unload request,NFR,Security
258,F0_REQ_00259,"There may be multiple certification authorities that manage keys for the system, including the possibility of one overall highest level certification authority (perhaps on an international level), and domestic certification authorities for each country or region",FR,Functional
259,F0_REQ_00257,A proof must be sent to the load acquirer that a load or unload occurred to avoid repudiation,FR,Functional
260,F0_REQ_00260,"The system must protect the integrity of key transaction data including transaction identification, currency code and amount. If tampering is suspected, the system must cause the transaction to fail",NFR,Security
261,F0_REQ_00262,"The time period during which a cardholder can unload electronic value, perform a purchase or a currency exchange from an expired card may be determined by each issuer",NFR,Performance
262,F0_REQ_00264,"Funds issuers must accept funds authorization requests, regardless of the load currency type, as permitted",NFR,Security
263,F0_REQ_00261,Expired cards must not be used for loading electronic value,FR,Functional
264,F0_REQ_00263,"Consumers must be able to load electronic value to their cards at any participating load device, regardless of the location, provided that the currency that is requested is supported by the acquirer and the card issuer",FR,Functional
265,F0_REQ_00265,Load devices that are available to the general public should support multiple sources of funding and support both linked and unlinked loads,NFR,Reliability
266,F0_REQ_00266,Authorizations for load transactions require a form of cardholder authentication for funds requests,NFR,Security
267,F0_REQ_00267,The load device must support on-line PIN encryption or off-line PIN verification,NFR,Security
268,F0_REQ_00268,The load device which supports only off-line PIN verification must support both the off-line PIN encryption method and the off-line PIN plain text verification method as defined in EMV,NFR,Security
269,F0_REQ_00269,"Unload transactions do not require cardholder authentication. (However, an acquirer??s devices may be configured such that authentication is required for access.)",NFR,Security
270,F0_REQ_00271,All applications under the GlobalPlatform shall be implemented in a hardware-neutral secure runtime environment,NFR,Security
271,F0_REQ_00272,The run time environment shall be responsible to separate secure storage for the application code and data,NFR,Security
272,F0_REQ_00273,The run time environment shall responsible to establish communication services  between card and off-card entities,NFR,Performance
273,F0_REQ_00274,Security domain shall ensure complete seperation of keys among the card issuers and other application providers,NFR,Security
274,F0_REQ_00270,The architecture for the electronic purse should not preclude the eventual deployment of a variety of devices to meet the needs of many card acceptance environments. Unload must not be precluded from being supported on any or all of these devices at the option of the acquirer,FR,Functional
275,F0_REQ_00275,"Security Domains shall support security services such as key handling, encryption, decryption, digital signature generation and verification for their providers' such as card issuer, applicaiton providers and controlling authority",NFR,Security
276,F0_REQ_00276,"The GlobalPlatform Environment(OPEN) shall responsible for to provide an API to applications,command dispatch, Application selection, (optional) logical channel management, and Card Content management",FR,Functional
277,F0_REQ_00277,"The OPEN shall responsible to load application code, card content and memory management",FR,Functional
278,F0_REQ_00279,"The OPEN shall own the GlobalPlatform register that contains information for managing the card, Executable Load Files,Applications, Security Domain associations, and privileges.",NFR,Security
279,F0_REQ_00278,The OPEN shall responsible to enforce security principles defined for Card Content management.,NFR,Security
280,F0_REQ_00280,The GlobalPlatform API shall provides services to the application such as card verification and security services,FR,Functional
281,F0_REQ_00281,The GlobalPlatform API shall provides services  to the card content management such as  card locking and application life cycle state update,FR,Functional
282,F0_REQ_00282,"The primary goal of the GlobalPlatform is to ensure the security and integrity of the card's components for the life of the card. These components are The runtime environment,The OPEN,The Issuer Security Domain,Supplementary Security Domains, The Applications.",NFR,Security
283,F0_REQ_00283,"To ensure card security and integrity, the GlobalPlatform is designed to support a range of secure mechanisms for: Data integrity, Resource availability, Confidentiality, Authentication.",NFR,Security
284,F0_REQ_00284,"The Card Issuer is responsible for Generating and loading the Issuer Security Domain keys,",NFR,Security
285,F0_REQ_00289,"The Card Issuer is responsible for Cryptographically authorizing load, install, and extradition to be performed by Application Providers.",FR,Functional
286,F0_REQ_00288,The Card Issuer is responsible for Managing the application code loading and installing both on a Pre-Issuance and Post-Issuance basis,FR,Functional
287,F0_REQ_00287,"The Card Issuer is responsible for Determining policy with regards to card and Application Life Cycle management, velocity checking levels, privileges, and other security parameters,",NFR,Security
288,F0_REQ_00285,"The Card Issuer is responsible for Enforcing standards and policies for Application Providers governing all aspects of Applications to be provided to the Card Issuer or operated on the Card Issuer's cards,",FR,Functional
289,F0_REQ_00286,"The Card Issuer is responsible for Working with Application Providers to create and initialize Security Domains other than the Issuer Security Domain,",NFR,Security
290,F0_REQ_00293,"The Application Provider is responsible for Providing load file data block signatures according to its own security policy for integrity and source authenticity,",NFR,Security
291,F0_REQ_00294,"The Application Provider is responsible for Obtaining pre-authorization for load, install, and extradition from the Card Issuer,",NFR,Security
292,F0_REQ_00292,"The Application Provider is responsible for Providing applications that meet the Card Issuer's security standards and policies,",NFR,Security
293,F0_REQ_00290,"The Application Provider is responsible for Generating the keys for its own Security Domains or obtaining Security Domain keys from a trusted third party,",NFR,Security
294,F0_REQ_00291,"The Application Provider is responsible for Working with the Card Issuer to load generated keys into the Application Provider's Security Domain,",NFR,Security
295,F0_REQ_00298,A Controlling Authority is responsible for Providing load file data block signatures according to its own security policy for integrity and source authenticity.,NFR,Security
296,F0_REQ_00299,"The runtime environment is responsible for Providing an interface to all Applications that ensures that the runtime environment security mechanisms cannot be bypassed, deactivated, corrupted or otherwise circumvented,",NFR,Performance
297,F0_REQ_00297,"A Controlling Authority is responsible for Working with the Card Issuer to load generated keys into the Controlling Authority's Security Domain,",NFR,Security
298,F0_REQ_00295,"The Application Provider is responsible for Returning receipts for load, install, delete, and extradition, according to the Card Issuer's policy.",FR,Functional
299,F0_REQ_00296,"A Controlling Authority is responsible for Generating the keys for its own Security Domain or obtaining Security Domain keys from a trusted third party,",NFR,Security
300,F0_REQ_00300,The runtime environment is responsible for Performing secure memory management,NFR,Security
301,F0_REQ_00301,"Secure memory management shall ensure that Each application's code and data (including transient session data) as well as the runtime environment itself and its data (including transient session data) is protected from unauthorized access from within the card,",NFR,Security
302,F0_REQ_00302,"Secure memory management shall ensure that When more than one logical channel is supported, each concurrently selected Application's code and data (including transient session data) as well as the runtime environment itself and its data (including transient session data) is protected from unauthorized access from within the card,",NFR,Security
303,F0_REQ_00303,"Secure memory management shall ensure that The previous contents of the memory is not accessible when that memory is reused,",NFR,Security
304,F0_REQ_00304,"Secure memory management shall ensure that The memory recovery process is secure and consistent in case of a loss of power or withdrawal of the card from the card reader while an operation is in progress,",NFR,Security
305,F0_REQ_00305,The runtime environment is responsible for Providing communication services with off-card entities that ensures the proper transmission (according to the specific communication protocol rules) of unaltered command and response messages.,NFR,Performance
306,F0_REQ_00308,"Each Trusted Framework present on the card shall Ensure that incoming messages are properly routed unaltered to their intended destinations,",FR,Functional
307,F0_REQ_00309,Each Trusted Framework present on the card shall Ensure that any response messages are properly returned unaltered (except for any cryptographic protection) to the original receiver of the incoming message.,FR,Functional
308,F0_REQ_00306,"Each Trusted Framework present on the card shall Check the application access rules of the inter-acting Applications according to their respective privileges,",FR,Functional
309,F0_REQ_00307,"Each Trusted Framework present on the card shall Enforce the Trusted Framework security rules for inter-application communication, including the rules, defined in appendix G,",NFR,Security
310,F0_REQ_00310,"The OPEN shall Provide an interface to all Applications that ensures that the GlobalPlatform security mechanism cannot be bypassed, deactivated, corrupted or otherwise circumvented,",FR,Functional
311,F0_REQ_00313,"The OPEN shall Ensure that the Card Content changes are authorized by the Card Issuer,",NFR,Security
312,F0_REQ_00314,"The OPEN shall Ensure that application code has been signed by the Controlling Authority represented on the card,",FR,Functional
313,F0_REQ_00311,"The OPEN shall Check application access rules according to the Applications' privileges,",FR,Functional
314,F0_REQ_00312,The OPEN shall Manage card and Application Life Cycle,FR,Functional
315,F0_REQ_00318,"When applicable a Security Domain shall Manage on-card data securely,",NFR,Security
316,F0_REQ_00319,"When applicable a Security Domain shall Provide cryptographic protection services for its own Applications during their personalization and optionally during their subsequent operation,",FR,Functional
317,F0_REQ_00315,"The OPEN shall Ensure that application code has been signed by Application Providers represented on the card, if required.",FR,Functional
318,F0_REQ_00317,"When applicable a Security Domain shall Communicate with off-card entities in accordance with its Security Domain Provider's security policy in Pre-Issuance and Post-Issuance,",NFR,Security
319,F0_REQ_00316,Security Domains enforce the security policies of their off-card Security Domain Provider.,NFR,Security
320,F0_REQ_00322,"When applicable a Security Domain shall Verify the authorization for Card Content changes initiated by an off-card authority,",NFR,Security
321,F0_REQ_00323,"When applicable a Security Domain shall Generate receipts for load, install, extradition, and delete,",NFR,Security
322,F0_REQ_00320,"When applicable a Security Domain shall Request the OPEN to load, install, extradite, and delete card content,",NFR,Security
323,F0_REQ_00324,When applicable a Security Domain shall Verify the load file data block signature when requested by the OPEN.,NFR,Security
324,F0_REQ_00321,"When applicable a Security Domain shall Return to the off-card entity any receipt for load, install, extradition, and delete,",NFR,Security
325,F0_REQ_00326,"A Global Services Application shall Hold the Global Services application-related data securely,",NFR,Security
326,F0_REQ_00327,A Global Services Application shall Perform internal security measures as required by the service.,NFR,Security
327,F0_REQ_00329,Applications should Perform internal security measures required by the Application Provider,NFR,Security
328,F0_REQ_00328,Applications should Expose only data and resources that are necessary for proper application functionality,FR,Functional
329,F0_REQ_00325,"A Global Services Application shall Be able to provide services to other Applications, such as CVM services,",FR,Functional
330,F0_REQ_00330,"The back-end systems (multiple back-end systems may exist for a single card), which communicate with the cards, perform the verifications, and manage the off-card key databases, also shall be trusted.",NFR,Performance
331,F0_REQ_00331,"One of the major requirements for a GlobalPlatform card is the ability to provide a minimum level of cryptographic functionality. This cryptography is, for example, used for the generation of signatures, and is available for use by the Applications present on the card.",NFR,Reliability
332,F0_REQ_00332,The Issuer Security Domain shall implement one Secure Channel Protocol.,NFR,Security
333,F0_REQ_00333,A Security Domain other than the Issuer Security Domain shall implement [at least] one Secure Channel Protocol.,NFR,Security
334,F0_REQ_00334,A GlobalPlatform card should support symmetric cryptography such as the Data Encryption Standard (DES) algorithm.,NFR,Security
335,F0_REQ_00336,"When present, services to encrypt and decrypt any pattern of data using these algorithms shall be available to Applications.",NFR,Performance
336,F0_REQ_00338,The Load File Data Block Hash is intended to verify the integrity of a complete Load File Data Block when loaded to a GlobalPlatform card.,NFR,Security
337,F0_REQ_00337,It is the responsibility of the Card Issuer or the Controlling Authority to set up the appropriate off-card procedures to comply with the governmental restrictions upon cryptography. Features to disable or restrict cryptography usage by Applications on a card are beyond the scope of this Specification.,FR,Functional
338,F0_REQ_00335,A GlobalPlatform card may also support asymmetric cryptography such as the Rivest / Shamir / Adleman (RSA) algorithm.,FR,Functional
339,F0_REQ_00339,The Load File Data Block Hash is used in the computation of The Load File Data Block Signature,FR,Functional
340,F0_REQ_00341,"When present during the loading of a Load File to the card, each signature shall be verified by the appropriate Security Domain.",NFR,Security
341,F0_REQ_00344,A GlobalPlatform card may provide security services related to information exchanged between the card and an offcard entity.,NFR,Security
342,F0_REQ_00343,The appropriate Security Domain may generate Receipts during Delegated Management.,NFR,Security
343,F0_REQ_00340,The Load File Data Block Hash is used in the computation of The Load Token,FR,Functional
344,F0_REQ_00342,Tokens shall be verified by the appropriate Security Domain.,NFR,Security
345,F0_REQ_00347,"A GlobalPlatform card offers Entity authentication - in which the card or the off-card entity proves its authenticity to the other entity through a cryptographic exchange,",NFR,Security
346,F0_REQ_00348,"A GlobalPlatform card offers Integrity and authentication - in which the receiving entity (the card or off-card entity) ensures that the data being received from the sending entity (respectively the off-card entity or card) actually came from an authenticated entity in the correct sequence and has not been altered,",NFR,Security
347,F0_REQ_00346,The concept of the Life Cycle of the card (see section 5.1 - Card Life Cycle) may be used to determine the security level of the communication between the card and an off-card entity.,NFR,Security
348,F0_REQ_00349,A GlobalPlatform card offers Confidentiality - in which data being transmitted from the sending entity (the off-card entity or card) to the receiving entity (respectively the card or off-card entity) is not viewable by an unauthenticated entity.,NFR,Security
349,F0_REQ_00345,The security level of the communication with an off-card entity does not necessarily apply to each individual message being transmitted but can only apply to the environment and/or context in which messages are transmitted.,NFR,Security
350,F0_REQ_00353,"At OP_READY state, the OPEN shall be available and ready for execution",NFR,Reliability
351,F0_REQ_00354,"At OP_READY state, the runtime environment shall be  ready for execution",NFR,Performance
352,F0_REQ_00351,The OPEN shall owns and maintains the Life Cycle information within the GlobalPlatform Registry,FR,Functional
353,F0_REQ_00350,"The life cycle models is responsible to functionality and security of Card, Executable Load Files, Executable Modules, Security Domains, and Applications.",NFR,Security
354,F0_REQ_00352,The OPEN shall be responsible to maintain security and administration of the card and its content,NFR,Security
355,F0_REQ_00357,"At OP_READY, initial key shall be available within the issuer security domain",NFR,Reliability
356,F0_REQ_00359,The SECURED state may be used to enforce the relevant security policies of the security domain and applications,NFR,Security
357,F0_REQ_00355,"At OP_READY state, issuer security domain shall be implicitly selected application for all card interfaces",NFR,Security
358,F0_REQ_00356,"At OP_READY state,Executable Load Files that were included in Immutable Persistent Memory shall be registered in the GlobalPlatform Registry",FR,Functional
359,F0_REQ_00358,The off-card entity under the OP_READY state may insert Security Domain keys  in order to maintain a cryptographic key separation from the Issuer Security Domain keys,NFR,Security
360,F0_REQ_00360,The off-card entity under the SECURE state shall be used to ensure the availability of all keys by the issuer security domain,NFR,Security
361,F0_REQ_00364,The state TERMINATED shall be used to permanently disable all card functionality with respect to any card content management and any life cycle changes.,FR,Functional
362,F0_REQ_00361,The CARD_LOCKED state shall has the ability to disable the selected security domain and application,NFR,Security
363,F0_REQ_00363,The Card Content changes including any type of data management (specifically Security Domain keys and data) shall not allowed in the CARD_LOCKED state.,NFR,Security
364,F0_REQ_00362,The card under CARD_LOCKED state shall only allow the application to select the final application privilege,FR,Functional
365,F0_REQ_00365,"The GlobalPlatform Environment (OPEN) supports Command Dispatch functions (Application and Security Domain selection, (Optional) Logical channel management, Command dispatching) if the underlying runtime environment does not support them:",NFR,Performance
366,F0_REQ_00366,"The GlobalPlatform Environment (OPEN) supports Card Content Management functions (Content verification, Content loading, Content installation, Content removal, Access control rules for card content management) if the underlying runtime environment does not support them:",NFR,Security
367,F0_REQ_00367,"The GlobalPlatform Environment (OPEN) supports Security Management functions (Security Domain locking and unlocking, Application locking and unlocking, Card locking and unlocking, Card termination, Privilege usage, Security Domain, privilege usage, Tracing and event logging) if the underlying runtime environment does not support them:",NFR,Performance
368,F0_REQ_00368,The GlobalPlatform Environment (OPEN) supports GlobalPlatform Trusted Framework functions (Secure inter-application communication) if the underlying runtime environment does not support them:,NFR,Security
369,F0_REQ_00369,The GlobalPlatform Registry is a data store required to support the various system functions of the GlobalPlatform.,FR,Functional
370,F0_REQ_00370,Applications and Security Domains may access andor modify some content known or managed by the OPEN.,NFR,Security
371,F0_REQ_00374,"If the card is aware of logical channels but only supports the Basic Logical Channel, the OPEN shall respond with the appropriate error,",FR,Functional
372,F0_REQ_00373,The SELECT [by name] command is processed by the OPEN.,FR,Functional
373,F0_REQ_00372,The commands received by a GlobalPlatform card shall be processed by the OPEN or dispatched to the selected Application for processing.,FR,Functional
374,F0_REQ_00371,"Depending on the relevant privileges of the requesting entity, the following services shall be provided by the OPEN Retrieving the Applications own Life Cycle State stored by the OPEN in the GlobalPlatform Registry,   Retrieving the card Life Cycle State,   Obtaining access to the services of the Security Domain associated with the Application,   Transitioning the card Life Cycle State to CARD_LOCKED,   For contact cards according to ISOIEC 78164 and for contactless cards Type A according to ISOIEC 144433, setting the content of the historical bytes,   Transitioning the Applications own Application Life Cycle State stored by the OPEN in the GlobalPlatform Registry,   Transitioning the card Life Cycle State to TERMINATED,   Obtaining access to GlobalPlatform Registry information,   Obtaining access to Global Services Applications.",NFR,Security
375,F0_REQ_00377,Any other type of command received shall be dispatched to the currently selected Application.,FR,Functional
376,F0_REQ_00379,"For all commands, if the command indicates a Supplementary Logical Channel that is not opened then:   If the card only supports the Basic Logical Channel and has no concept of logical channel support, the command shall be dispatched to the selected Application for processing.   If the card is aware of logical channels, the OPEN shall respond with the appropriate error. (This requirement may exclude the SELECT command, if the card supports opening of a logical channel using the SELECT command.)",FR,Functional
377,F0_REQ_00378,"Commands are either received on the Basic Logical Channel (logical channel number zero) or on a Supplementary Logical Channel (logical channel number other than zero). In compliance with ISO/IEC 7816-4, logical channel information shall be indicated in the class byte of the APDU command header.",FR,Functional
378,F0_REQ_00375,"If the card is aware of logical channels and supports at least one Supplementary Logical Channel, the OPEN shall process the command,",FR,Functional
379,F0_REQ_00376,"If the card only supports the Basic Logical Channel and has no concept of logical channel support, the command shall be dispatched to the selected Application for processing.",FR,Functional
380,F0_REQ_00384,"An Application installed or made selectable with the Card Reset privilege and no Implicit Selection parameter is registered in the GlobalPlatform Registry as the implicitly selectable Application on the Basic Logical Channel for all card I/O interfaces supported by the card if no other Application (other than the Issuer Security Domain) is already registered as implicitly selectable on the Basic Logical Channel of any card I/O interface,",NFR,Security
381,F0_REQ_00381,The Issuer Security Domain shall have no multi-selection restrictions on cards that support multiple logical channels i.e. it shall be capable of being selected across multiple logical channels.,NFR,Security
382,F0_REQ_00380,"For commands that are dispatched to an Application, it is the responsibility of the Application to correctly reject commands that it does not recognize, expect or cannot process.",FR,Functional
383,F0_REQ_00383,"An Application installed or made selectable with a specific Implicit Selection parameter is registered in the GlobalPlatform Registry as the implicitly selectable Application on the logical channel(s) of the card I/O interface(s) indicated in the parameter if no other Application (other than the Issuer Security Domain) is already registered as implicitly selectable on that logical channel(s) of that card I/O interface(s),",NFR,Security
384,F0_REQ_00382,The Issuer Security Domain is by default the implicitly selectable Application on all logical channels of all card I/O interfaces supported by the card. Implicit selection on a specific logical channel of a specific card I/O interface may be assigned only if the Issuer Security Domain is the implicitly selectable Application on that logical channel of that card I/O interface and no other Locked Application is registered as implicitly selectable for the same logical channel and card I/O interface,NFR,Security
385,F0_REQ_00386,"The OPEN shall use the implicit selection registration of each Application for controlling the following runtime behavioral requirements:   Identifying the Application which is implicitly selectable on the Basic Logical Channel of the current card I/O interface during the card reset or activation sequence,   Identifying the Application which is implicitly selectable when opening on the current card I/O interface a new Supplementary Logical Channel from the Basic Logical Channel.",NFR,Performance
386,F0_REQ_00387,The Basic Logical Channel is the permanently available interface to a GlobalPlatform card and shall be supported by the OPEN.,NFR,Reliability
387,F0_REQ_00388,"The OPEN shall support Application selection on the Basic Logical Channel via Implicit Selection following the card reset (see ISO/IEC 7816-3 for contact cards) or activation sequence (see ISO/IEC 14443-3 for contactless cards),",FR,Functional
388,F0_REQ_00389,The OPEN shall support Application selection on the Basic Logical Channel via Explicit Selection through the SELECT [by name] command.,FR,Functional
389,F0_REQ_00385,"If an Application implicitly selectable on specific logical channel(s) of specific card I/O interface(s) is deleted, the Issuer Security Domain becomes the implicitly selectable Application on that logical channel(s) of that card I/O interface(s).",NFR,Security
390,F0_REQ_00394,"If the card is in the Life Cycle State CARD_LOCKED or TERMINATED, the Application with the Final Application privilege is the selected Application on the Basic Logical Channel and the OPEN shall not attempt to identify the implicitly selectable Application",FR,Functional
391,F0_REQ_00391,"Partial AID selection as defined in section 6.4.2.1.2 - Explicit Selection, shall be supported. (Partial AID selection does not require knowledge of the full AID by the off-card entity.)",FR,Functional
392,F0_REQ_00393,"Once the card session has been established (for contact cards according to ISO/IEC 7816-4 after Answer-to-Reset, or after the activation sequence for contactless cards according to ISO/IEC 14443-3), and before the first command is issued to the card, the Application defined as implicitly selectable on the Basic Logical Channel and for that card I/O interface shall become the selected Application on the Basic Logical Channel for that card I/O interface.",NFR,Usability
393,F0_REQ_00390,The OPEN may also support additional selection processes.,FR,Functional
394,F0_REQ_00392,"As multiple Applications on the card may have the same partial AID, it is required that a method exists to select all Applications matching the partial AID.",FR,Functional
395,F0_REQ_00396,At any time during a Card Session the OPEN may receive a request to select an Application on the Basic Logical Channel (SELECT [by name] [first or only occurrence] command). The OPEN shall determine if the requested AID matches or partially matches an entry within the GlobalPlatform Registry and whether this entry is selectable.,NFR,Performance
396,F0_REQ_00397,"At any time during a Card Session that has already contained a SELECT [by name] [first or only occurrence] command, the OPEN may receive a request to select a next Application (SELECT [by name] [next occurrence] command) on the Basic Logical Channel. The OPEN shall determine if the requested AID matches or partially matches another entry within the GlobalPlatform Registry and whether this entry is selectable.",NFR,Performance
397,F0_REQ_00398,"For both the SELECT [by name] [first or only occurrence] command and the SELECT [by name] [next occurrence] command, an Application becomes the selected Application on the Basic Logical Channel if:   The requested AID matches (fully or partially) the Applications AID,   The Application being selected is in the correct Life Cycle State,   The Application has no restrictions due to multi-selection, and supports the current card interface.",NFR,Usability
398,F0_REQ_00395,"In all other cases the OPEN shall search the GlobalPlatform Registry for an Application that is marked as implicitly selectable on the Basic Logical Channel for the current card I/O interface (e.g. contact or contactless), and if this Application is not in the Life Cycle State LOCKED, it shall become the selected Application on the Basic Logical Channel. If this is an Application in the Life Cycle State LOCKED, the Application with the Final Application privilege shall become the selected Application on the Basic Logical Channel.",NFR,Usability
399,F0_REQ_00399,"In the card Life Cycle State CARD_LOCKED: - If the Application being selected has the Final Application privilege, this Application is re-selected and a warning is returned to the off-card entity, - If any other Application is being selected, the Application with the Final Application privilege remains selected and an error is returned to the off- card entity,",FR,Functional
400,F0_REQ_00400,"If a SELECT [by name] [first or only occurrence] or SELECT [by name] [next occurrence] is received and the data field of the command message is not present, the Issuer Security Domain shall become the currently selected Application and the SELECT command is dispatched to the Issuer Security Domain,",NFR,Security
401,F0_REQ_00401,"If a SELECT [by name] [first or only occurrence] is received, the search always begins from the start of the GlobalPlatform Registry,",FR,Functional
402,F0_REQ_00402,"If a SELECT [by name] [next occurrence] is received, the search always begins from the entry following the currently selected Application on the Basic Logical Channel in the GlobalPlatform Registry,",FR,Functional
403,F0_REQ_00403,"If a full or partial match is found and this Application is in the Life Cycle State INSTALLED, continue searching through the GlobalPlatform Registry for a subsequent full or partial match. If no subsequent full or partial match is found, the OPEN shall return the appropriate error to the off-card entity,",FR,Functional
404,F0_REQ_00404,"If a full or partial match is found and this Application is in the Life Cycle State LOCKED, continue searching through the GlobalPlatform Registry for a subsequent full or partial match. In the eventuality that this locked Application is already currently selected on the Basic Logical Channel, the OPEN shall terminate this Application Session. If no subsequent full or partial match is found, the OPEN shall return the appropriate error to the off-card entity,",FR,Functional
405,F0_REQ_00406,"If a full or partial match is found and this Application is selectable (i.e. in the correct Life Cycle State and has no multi-selection restrictions), then it shall become the currently selected Application on the Basic Logical Channel and the SELECT [by name] command, whether [first or only occurrence] or [next occurrence], shall be processed according to the requirements of the runtime environment (e.g. dispatched to the Application),",NFR,Performance
406,F0_REQ_00409,At any time during a Card Session the OPEN may receive a request on the Basic Logical Channel to either open or close a Supplementary Logical Channel.,NFR,Performance
407,F0_REQ_00405,"If a full or partial match is found and this Application cannot be selected due to a multi-selection restriction or because the Application refuses selection (e.g. because it does not support the current card interface), continue searching through the GlobalPlatform Registry for a subsequent full or partial match. If no subsequent full or partial match is found, the OPEN shall return the appropriate error to the off-card entity,",NFR,Usability
408,F0_REQ_00408,"In the eventuality that the current Application Session has been terminated and no subsequent full or partial match is found, the OPEN shall make an attempt to select the Application that is marked as implicitly selectable on the Basic Logical Channel for the current card interface.",NFR,Usability
409,F0_REQ_00407,"If no full or partial match is found at all, the currently selected Application on the Basic Logical Channel shall remain the selected Application and - If the SELECT [by name] command has the [first or only occurrence] parameter set, the SELECT command is dispatched to the Application, - If the SELECT [by name] command has the [next occurrence] parameter set, the OPEN shall return the appropriate error to the off-card entity,",FR,Functional
410,F0_REQ_00411,"On cards that support logical channels, if a MANAGE CHANNEL [open] is received:   If an Application is designated as implicitly selectable on the new Supplementary Logical Channel for the current card interface, that Application is implicitly selected on the newly opened Supplementary Logical Channel and runtime behavior requirements apply,   Otherwise the Application designated as implicitly selectable on the Basic Logical Channel for this card interface is implicitly selected on the newly opened Supplementary Logical Channel and runtime behavior requirements apply.",NFR,Performance
411,F0_REQ_00412,"On cards that support logical channels, if a MANAGE CHANNEL [close] is received, terminate the Application Session currently selected on the Supplementary Logical Channel indicated by the command and then close that logical channel. The Basic Logical Channel can never be closed.",FR,Functional
412,F0_REQ_00414,"If the number of logical channels supported by the OPEN is not sufficient to open a new Supplementary Logical Channel, return the appropriate error.",FR,Functional
413,F0_REQ_00413,"If the card is in the Life Cycle State CARD_LOCKED or TERMINATED, return the appropriate error.",FR,Functional
414,F0_REQ_00410,"If the card only supports the Basic Logical Channel and has no concept of logical channel support, the MANAGE CHANNEL command is dispatched to the currently selected Application. In this case, when a Security Domain is the currently selected Application, the command shall be rejected.",NFR,Security
415,F0_REQ_00419,"The OPEN shall support Application selection on an available Supplementary Logical Channel via two processes:   Implicit Selection following a successful MANAGE CHANNEL [open] command,   Explicit Selection through the SELECT [by name] command.",FR,Functional
416,F0_REQ_00418,All other commands (including the MANAGE CHANNEL commands on cards that are not aware of logical channels or SELECT commands not described in section 6.4.2.1.2 - Explicit Selection) are immediately dispatched to the Application currently selected on the Basic Logical Channel. The processing of the command by the Application is beyond the scope of this Specification.,FR,Functional
417,F0_REQ_00417,"On cards that are aware of logical channels, the MANAGE CHANNEL commands are only processed by the OPEN and are not dispatched to an Application.",FR,Functional
418,F0_REQ_00416,"Once an Application becomes the selected Application on the Basic Logical Channel, the responsibility for subsequent command dispatching still rests with the OPEN.",FR,Functional
419,F0_REQ_00415,"The OPEN shall search the GlobalPlatform Registry for the Application that supports the current card interface and that is marked as implicitly selectable on the new Supplementary Logical Channel (or failing that, on the Basic Logical Channel) and: - If this is an Application in the Life Cycle State LOCKED, the Application with the Final Application privilege shall become the selected Application on the Supplementary Logical Channel, - If this Application cannot be selected due to a multi-selection restriction, the new logical channel shall not be opened and the OPEN shall return the appropriate error, - Otherwise, the Supplementary Logical Channel is opened and this Application shall become the selected Application on the Supplementary Logical Channel.",NFR,Usability
420,F0_REQ_00421,"At any time on an open Supplementary Logical Channel, the OPEN may receive a request to select an Application on this Supplementary Logical Channel (SELECT [by name] [first or only occurrence] command). The OPEN shall determine if the requested AID matches or partially matches an entry within the GlobalPlatform Registry and whether this entry is selectable.",NFR,Performance
421,F0_REQ_00422,"At any time on an open Supplementary Logical Channel that has already contained a SELECT [by name] [first or only occurrence] command since the Supplementary Logical Channel was last opened, the OPEN may receive a request to select a next Application (SELECT [by name] [next occurrence] command) on this Supplementary Logical Channel. The OPEN shall determine if the requested AID matches or partially matches another entry within the GlobalPlatform Registry and whether this entry is selectable.",NFR,Performance
422,F0_REQ_00423,"For both the SELECT [by name] [first or only occurrence] command and the SELECT [by name] [next occurrence] command, an Application becomes the selected Application on the Supplementary Logical Channel if:   The requested AID matches (fully or partially) the Applications AID,   The Application being selected is in the correct Life Cycle State,   The Application has no restrictions due to multi-selection, and supports the current card interface.",NFR,Usability
423,F0_REQ_00420,"Partial AID selection as defined in section 6.4.3.1.2 - Explicit Selection, shall be supported on Supplementary Logical Channels.",FR,Functional
424,F0_REQ_00424,"If the card is in the Life Cycle State CARD_LOCKED or TERMINATED: - Close the Supplementary Logical Channel, if currently open, - Return the appropriate error,",FR,Functional
425,F0_REQ_00429,"If a full or partial match is found and this Application is selectable (i.e. in the correct Life Cycle State and has no multi-selection restrictions), then it shall become the currently selected Application on this Supplementary Logical Channel and the SELECT [by name] command, whether [first or only occurrence] or [next occurrence], shall be processed according to the requirements of the runtime environment (e.g. dispatched to the Application),",NFR,Performance
426,F0_REQ_00428,"If a full or partial match is found and this Application cannot be selected due to a multi-selection restriction or because the Application refuses selection (e.g. because it does not support the current card interface), continue searching through the GlobalPlatform Registry for a subsequent full or partial match. If no subsequent full or partial match is found, the OPEN shall return the appropriate error to the off-card entity,",NFR,Usability
427,F0_REQ_00426,"If a SELECT [by name] [next occurrence] is received, the search always begins from the entry following the currently selected Application on this Supplementary Logical Channel in the GlobalPlatform Registry,",FR,Functional
428,F0_REQ_00427,"If a full or partial match is found and this Application is in the Life Cycle State LOCKED, continue searching through the GlobalPlatform Registry for a subsequent full or partial match. In the eventuality that this locked Application is already currently selected on the same Supplementary Logical Channel, the OPEN shall terminate this Application Session. If no subsequent full or partial match is found, the OPEN shall return the appropriate error to the off-card entity,",FR,Functional
429,F0_REQ_00425,"If a SELECT [by name] [first or only occurrence] or SELECT [by name] [next occurrence] is received and the data field of the command message is not present, the Issuer Security Domain shall become the currently selected Application and the SELECT command is dispatched to the Issuer Security Domain,",NFR,Security
430,F0_REQ_00431,"At any time on an open Supplementary Logical Channel the OPEN may receive a request to either open or close a Supplementary Logical Channel. If a MANAGE CHANNEL [open] is received and the Application selected on the original Supplementary Logical Channel has no multi-selection restrictions, this Application becomes the selected Application on the newly opened Supplementary Logical Channel. If a MANAGE CHANNEL [close] is received, terminate the Application Session currently selected on the Supplementary Logical Channel indicated by the command and then close that logical channel. The Basic Logical Channel can never be closed.",NFR,Performance
431,F0_REQ_00430,"If no full or partial match is found at all, the currently selected Application on the Supplementary Logical Channel shall remain the selected Application and - If the SELECT [by name] command has the [first or only occurrence] parameter set, the SELECT command is dispatched to the Application, - If the SELECT [by name] command has the [next occurrence] parameter set, the OPEN shall return the appropriate error to the off-card entity.",FR,Functional
432,F0_REQ_00433,"If the number of logical channels supported by the OPEN is not sufficient to open a new Supplementary Logical Channel, return the appropriate error,",FR,Functional
433,F0_REQ_00432,"If the card is in the Life Cycle State CARD_LOCKED or TERMINATED, return the appropriate error,",FR,Functional
434,F0_REQ_00434,"If the Application currently selected on the original Supplementary Logical Channel cannot be selected on the new Supplementary Logical Channel due to a multi-selection restriction, the new logical channel shall not be opened and the OPEN shall return the appropriate error,",FR,Functional
435,F0_REQ_00438,All other commands (including SELECT commands not described in section 6.4.3.1.2 - Explicit Selection) are immediately dispatched to the Application currently selected on the Supplementary Logical Channel. The processing of the command by the Application is beyond the scope of this Specification.,FR,Functional
436,F0_REQ_00439,"The GlobalPlatform Registry is used to:   Store card management information,   Store relevant application management information (e.g., AID, associated Security Domain and Privileges),   Support card resource management data,   Store Application Life Cycle information,   Store card Life Cycle information,   Track any counters associated with logs.",NFR,Security
437,F0_REQ_00435,"Otherwise, the Supplementary Logical Channel indicated by the command is opened and the Application currently selected on the original Supplementary Logical Channel shall become the selected Application on the newly opened Supplementary Logical Channel.",FR,Functional
438,F0_REQ_00436,"Once an Application becomes the selected Application on a Supplementary Logical Channel, the responsibility for subsequent command dispatching still rests with the OPEN.",FR,Functional
439,F0_REQ_00437,The MANAGE CHANNEL commands are only processed by the OPEN and are not dispatched to an Application.,FR,Functional
440,F0_REQ_00440,"The contents of the GlobalPlatform Registry may be updated in response to:   An internal OPEN invoked action,   An authorized Application invoked action.",NFR,Security
441,F0_REQ_00441,"All Applications including all Security Domains, and all Executable Load Files, shall have an entry in the GlobalPlatform Registry.",NFR,Security
442,F0_REQ_00444,This AID may be specified in a SELECT command to select the Application. It is not possible to select Executable Load Files or Executable Modules.,FR,Functional
443,F0_REQ_00443,An Application AID may be the same as that of an Executable Module but may not be the same as that of an Executable Load File or the same as another Application already present in the GlobalPlatform Registry.,FR,Functional
444,F0_REQ_00442,Each Executable Load File or Executable Module is associated with an AID that shall be unique on the card.,FR,Functional
