text,subclass,reasons_rlhf,classe_correta,comentario,context,tipo,subtipo,context_final,status_classificacao,tipo_original,subtipo_original
The Disputes System will provide the user the ability to create or initiate a ticket retrieval request.   As part of ticket retrieval creation process the system must prompt the user to enter all the required information to create the ticket retrieval request.  The ticket retrieval request is a document that is sent to merchant inquiring the validity of a transaction.,Functional,too_long,,,The Disputes System will provide the user the ability to create or initiate a ticket retrieval request.   As part of ticket retrieval creation process the system must prompt the user to enter all the required information to create the ticket retrieval request.  The ticket retrieval request is a document that is sent to merchant inquiring the validity of a transaction.,Functional,Functional,The system shall The Disputes System will provide the user the ability to create or initiate a ticket retrieval request.   As part of ticket retrieval creation process the system must prompt the user to enter all the required information to create the ticket retrieval request.  The ticket retrieval request is a document that is sent to merchant inquiring the validity of a transaction.,sugerido,,
The Disputes System must allow the user to create three unique types of ticket retrieval requests.  The three types of ticket retrieval requests are (1) Request for original receipt (2) Request for a copy of the receipt or (3) Request for a portfolio. A portfolio consists of documentation that would provide proof of a purchase such as the documentation that is received from a car rental agency that is more than a sales receipt.,Functional,too_long,,,The Disputes System must allow the user to create three unique types of ticket retrieval requests.  The three types of ticket retrieval requests are (1) Request for original receipt (2) Request for a copy of the receipt or (3) Request for a portfolio. A portfolio consists of documentation that would provide proof of a purchase such as the documentation that is received from a car rental agency that is more than a sales receipt.,Functional,Functional,The system shall The three types of ticket retrieval requests are (1) Request for original receipt (2) Request for a copy of the receipt or (3) Request for a portfolio. A portfolio consists of documentation that would provide proof of a purchase such as the documentation that is received from a car rental agency that is more than a sales receipt.,sugerido,,
The Disputes System shall allow the user to create or initiate a chargeback request.  The system must prompt the user to enter the required information to initiate a chargeback request. The chargeback request results in a printed chargeback notification that is sent to merchant indicating that their account will be charged back if no proof is provided that the disputed transaction is valid.,Functional,too_long,,,The Disputes System shall allow the user to create or initiate a chargeback request.  The system must prompt the user to enter the required information to initiate a chargeback request. The chargeback request results in a printed chargeback notification that is sent to merchant indicating that their account will be charged back if no proof is provided that the disputed transaction is valid.,Functional,Functional,The system must prompt the user to enter the required information to initiate a chargeback request. The chargeback request results in a printed chargeback notification that is sent to merchant indicating that their account will be charged back if no proof is provided that the disputed transaction is valid.,sugerido,,
The Disputes System must provide Search functionality.  The search method must include the ability to search by (1) the dispute case number  (2) the merchant account number  (3) the cardmember account number and (4) the issuer number.  In addition to the above criteria  the search functionality must further allow the user to limit the results of the search by a date range  the type of dispute (ticket retrieval request or chargeback notification)  the case status (open  closed or all) and the dispute reason code.,Functional,too_long,,,The Disputes System must provide Search functionality.  The search method must include the ability to search by (1) the dispute case number  (2) the merchant account number  (3) the cardmember account number and (4) the issuer number.  In addition to the above criteria  the search functionality must further allow the user to limit the results of the search by a date range  the type of dispute (ticket retrieval request or chargeback notification)  the case status (open  closed or all) and the dispute reason code.,Functional,Functional,The search method must include the ability to search by (1) the dispute case number  (2) the merchant account number  (3) the cardmember account number and (4) the issuer number.  In addition to the above criteria  the search functionality must further allow the user to limit the results of the search by a date range  the type of dispute (ticket retrieval request or chargeback notification)  the case status (open  closed or all) and the dispute reason code.,sugerido,,
Fit Criterion,Functional,too_short,,,Fit Criterion,Functional,Functional,,rejeitado,,
The RFS system should be able to easily interface with the BDW environment  in order to load the data.  	7 data files shall be received from the BDW and loaded into the RFS system within 3 hours one day prior to the start of budgeting process  every year. The data will be as of October month-end. 	Test files (7) shall be loaded up to 5 times throughout the year  from the BDW.,Functional,too_long,,,The RFS system should be able to easily interface with the BDW environment  in order to load the data.  	7 data files shall be received from the BDW and loaded into the RFS system within 3 hours one day prior to the start of budgeting process  every year. The data will be as of October month-end. 	Test files (7) shall be loaded up to 5 times throughout the year  from the BDW.,Functional,Functional,The system shall The RFS system should be able to easily interface with the BDW environment  in order to load the data. ,sugerido,,
Changes to revenue and expense formulae must be applied to the RFS system  every year  prior to the budgeting process start. Revenue and expense formulae will be updated within one week of their receipt  after which 2 weeks will be allotted to testing of the budget calculations  to be conducted jointly by the project development team and PCG Finance.,Functional,too_long,,,Changes to revenue and expense formulae must be applied to the RFS system  every year  prior to the budgeting process start. Revenue and expense formulae will be updated within one week of their receipt  after which 2 weeks will be allotted to testing of the budget calculations  to be conducted jointly by the project development team and PCG Finance.,Functional,Functional,The system shall changes to revenue and expense formulae must be applied to the RFS system  every year  prior to the budgeting process start. Revenue and expense formulae will be updated within one week of their receipt  after which 2 weeks will be allotted to testing of the budget calculations  to be conducted jointly by the project development team and PCG Finance.,sugerido,,
"System Dependability GIST: The fault tolerance of the system. SCALE: If the system loses the connection to the Internet or to the GPS device or the system gets some strange input, the user should be informed. METER: Measurements obtained from 1000 hours of usage during testing. MUST: 100% of the time.",Functional,too_long,,,"System Dependability GIST: The fault tolerance of the system. SCALE: If the system loses the connection to the Internet or to the GPS device or the system gets some strange input, the user should be informed. METER: Measurements obtained from 1000 hours of usage during testing. MUST: 100% of the time.",Functional,Functional,"The system shall System Dependability GIST: The fault tolerance of the system. SCALE: If the system loses the connection to the Internet or to the GPS device or the system gets some strange input, the user should be informed. METER: Measurements obtained from 1000 hours of usage during testing. MUST: 100% of the time.",sugerido,,
Application Memory Usage GIST: The amount of Operate System memory occupied by the application. SCALE: MB. METER: Observations done from the performance log during testing MUST: No more than 20 MB. PLAN: No more than 16 MB WISH: No more than 10 MB Operate System: DEFINED: The mobile Operate System which the application is running on. MB: DEFINED: Megabyte.,Performance,too_long,,,Application Memory Usage GIST: The amount of Operate System memory occupied by the application. SCALE: MB. METER: Observations done from the performance log during testing MUST: No more than 20 MB. PLAN: No more than 16 MB WISH: No more than 10 MB Operate System: DEFINED: The mobile Operate System which the application is running on. MB: DEFINED: Megabyte.,Performance,Performance,The system shall Application Memory Usage GIST: The amount of Operate System memory occupied by the application. SCALE: MB. METER: Observations done from the performance log during testing MUST: No more than 20 MB. PLAN: No more than 16 MB WISH: No more than 10 MB Operate System: DEFINED: The mobile Operate System which the application is running on. MB: DEFINED: Megabyte.,sugerido,,
System Availability GIST: The availability of the system when it is used. SCALE: The average system availability (not considering network failing). METER: Measurements obtained from 1000 hours of usage during testing. MUST: More than 98% of the time. PLAN: More than 99% of the time. WISH: 100% of the time.,Reliability,too_long,,,System Availability GIST: The availability of the system when it is used. SCALE: The average system availability (not considering network failing). METER: Measurements obtained from 1000 hours of usage during testing. MUST: More than 98% of the time. PLAN: More than 99% of the time. WISH: 100% of the time.,Reliability,Reliability,The system shall System Availability GIST: The availability of the system when it is used. SCALE: The average system availability (not considering network failing). METER: Measurements obtained from 1000 hours of usage during testing. MUST: More than 98% of the time. PLAN: More than 99% of the time. WISH: 100% of the time.,sugerido,,
"Communication Security GIST: Security of the communication between the system and server. SCALE: The messages should be encrypted for log-in communications, so others cannot get user-name and password from those messages. METER: Attempts to get user-name and password through obtained messages on 1000 log-in session during testing. MUST: 100% of the Communication Messages in the communication of a log-in session should be encrypted. Communication Messages: Defined: Every exchanged of information between client and server.",Security,too_long,,,"Communication Security GIST: Security of the communication between the system and server. SCALE: The messages should be encrypted for log-in communications, so others cannot get user-name and password from those messages. METER: Attempts to get user-name and password through obtained messages on 1000 log-in session during testing. MUST: 100% of the Communication Messages in the communication of a log-in session should be encrypted. Communication Messages: Defined: Every exchanged of information between client and server.",Security,Security,"The security of the communication between the system and server. SCALE: The messages should be encrypted for log-in communications, so others cannot get user-name and password from those messages. METER: Attempts to get user-name and password through obtained messages on 1000 log-in session during testing. MUST: 100% of the Communication Messages in the communication of a log-in session should be encrypted. Communication Messages: Defined: Every exchanged of information between client and server.",sugerido,,
Restaurant Owner Login Account Security GIST: Security of accounts. SCALE: If a restaurant owner tries to log in to the web portal with a non-existing account then the restaurant owner should not be logged in. The restaurant owner should be notified about log-in failure. METER: 1000 attempts to log-in with a non-existing user account during testing. MUST: 100% of the time.,Reliability,too_long,,,Restaurant Owner Login Account Security GIST: Security of accounts. SCALE: If a restaurant owner tries to log in to the web portal with a non-existing account then the restaurant owner should not be logged in. The restaurant owner should be notified about log-in failure. METER: 1000 attempts to log-in with a non-existing user account during testing. MUST: 100% of the time.,Reliability,Reliability,The system shall Restaurant Owner Login Account Security GIST: Security of accounts. SCALE: If a restaurant owner tries to log in to the web portal with a non-existing account then the restaurant owner should not be logged in. The restaurant owner should be notified about log-in failure. METER: 1000 attempts to log-in with a non-existing user account during testing. MUST: 100% of the time.,sugerido,,
Admin Login Account Security GIST: Security of accounts. SCALE: If an admin tries to log in to the web portal with a non-existing account then the admin should not be logged in. The admin should be notified about log-in failure. METER: 1000 attempts to log-in with a non-existing user account during testing. MUST: 100% of the time.,Reliability,too_long,,,Admin Login Account Security GIST: Security of accounts. SCALE: If an admin tries to log in to the web portal with a non-existing account then the admin should not be logged in. The admin should be notified about log-in failure. METER: 1000 attempts to log-in with a non-existing user account during testing. MUST: 100% of the time.,Reliability,Reliability,The system shall Admin Login Account Security GIST: Security of accounts. SCALE: If an admin tries to log in to the web portal with a non-existing account then the admin should not be logged in. The admin should be notified about log-in failure. METER: 1000 attempts to log-in with a non-existing user account during testing. MUST: 100% of the time.,sugerido,,
"Restaurant Owner Account Security GIST: Security of restaurant owners accounts. SCALE: A restaurant owner and IP address should not be able to log-in for a certain time period after three times of failed log-in attempts. METER: 1000 attempts to log-in during the lock period after user account has been locked because of failed log-in attempts of three times. MUST: The locking period should be half an hour, and during that period the log-in function is disabled.",Security,too_long,,,"Restaurant Owner Account Security GIST: Security of restaurant owners accounts. SCALE: A restaurant owner and IP address should not be able to log-in for a certain time period after three times of failed log-in attempts. METER: 1000 attempts to log-in during the lock period after user account has been locked because of failed log-in attempts of three times. MUST: The locking period should be half an hour, and during that period the log-in function is disabled.",Security,Security,"The system shall Restaurant Owner Account Security GIST: Security of restaurant owners accounts. SCALE: A restaurant owner and IP address should not be able to log-in for a certain time period after three times of failed log-in attempts. METER: 1000 attempts to log-in during the lock period after user account has been locked because of failed log-in attempts of three times. MUST: The locking period should be half an hour, and during that period the log-in function is disabled.",sugerido,,
"Admin Account Security GIST: Security of admin accounts. SCALE: An admin and IP address should not be able to log-in to the web portal for a certain time period after three times of failed log-in attempts. METER: 1000 attempts to log-in during the lock period after user account has been locked because of failed log-in attempts of three times. MUST: The locking period should be half an hour, and during that period the log-in function is disabled.",Security,too_long,,,"Admin Account Security GIST: Security of admin accounts. SCALE: An admin and IP address should not be able to log-in to the web portal for a certain time period after three times of failed log-in attempts. METER: 1000 attempts to log-in during the lock period after user account has been locked because of failed log-in attempts of three times. MUST: The locking period should be half an hour, and during that period the log-in function is disabled.",Security,Security,"The system shall Admin Account Security GIST: Security of admin accounts. SCALE: An admin and IP address should not be able to log-in to the web portal for a certain time period after three times of failed log-in attempts. METER: 1000 attempts to log-in during the lock period after user account has been locked because of failed log-in attempts of three times. MUST: The locking period should be half an hour, and during that period the log-in function is disabled.",sugerido,,
"User Create Account Security GIST: The security of creating account for users of the system. SCALE: If a user wants to create an account and the desired user name is occupied, the user should be asked to choose a different user name. METER: Measurements obtained on 1000 hours of usage during testing. MUST: 100% of the time.",Security,too_long,,,"User Create Account Security GIST: The security of creating account for users of the system. SCALE: If a user wants to create an account and the desired user name is occupied, the user should be asked to choose a different user name. METER: Measurements obtained on 1000 hours of usage during testing. MUST: 100% of the time.",Security,Security,"The system shall User Create Account Security GIST: The security of creating account for users of the system. SCALE: If a user wants to create an account and the desired user name is occupied, the user should be asked to choose a different user name. METER: Measurements obtained on 1000 hours of usage during testing. MUST: 100% of the time.",sugerido,,
"Restaurant Owner Create Account Security GIST: The security of creating account for restaurant owners of the system. SCALE: If a restaurant owner wants to create an account and the desired user name is occupied, the restaurant owner should be asked to choose a different user name. METER: Measurements obtained on 1000 hours of usage during testing. MUST: 100% of the time.",Security,too_long,,,"Restaurant Owner Create Account Security GIST: The security of creating account for restaurant owners of the system. SCALE: If a restaurant owner wants to create an account and the desired user name is occupied, the restaurant owner should be asked to choose a different user name. METER: Measurements obtained on 1000 hours of usage during testing. MUST: 100% of the time.",Security,Security,"The system shall Restaurant Owner Create Account Security GIST: The security of creating account for restaurant owners of the system. SCALE: If a restaurant owner wants to create an account and the desired user name is occupied, the restaurant owner should be asked to choose a different user name. METER: Measurements obtained on 1000 hours of usage during testing. MUST: 100% of the time.",sugerido,,
"The overall accuracy of the Web APIâ€™s response will be measured using a developer-made testing set. The overall accuracy is calculated by dividing total number of correct answers by the number of questions asked. The accuracy of the Generic Question Constructionâ€‹ part will be close to 80%. The accuracy of the Generic Answer Constructionâ€‹ unit will be close to 70% The accuracy of the Generic Answer Populationâ€‹ unit will be close to 70% Drexel facilitiesâ€™ locations and schedules will have accuracy greater than 70%  â€‹ Drexel staffâ€™s office locations, contact information, and positions will have accuracy greater than 70%. â€‹ Drexel policies including academics, admissions, information technology etc. will have accuracy greater than 70%.â€‹ â€‹ On-campus dining locations, hours, food types, etc. will have accuracy greater than 50%. â€‹ Food trucksâ€™ general locations, hours, and food types on Drexel Campus will have accuracy greater than 40%.",Performance,too_long,,,"The overall accuracy of the Web APIâ€™s response will be measured using a developer-made testing set. The overall accuracy is calculated by dividing total number of correct answers by the number of questions asked. The accuracy of the Generic Question Constructionâ€‹ part will be close to 80%. The accuracy of the Generic Answer Constructionâ€‹ unit will be close to 70% The accuracy of the Generic Answer Populationâ€‹ unit will be close to 70% Drexel facilitiesâ€™ locations and schedules will have accuracy greater than 70%  â€‹ Drexel staffâ€™s office locations, contact information, and positions will have accuracy greater than 70%. â€‹ Drexel policies including academics, admissions, information technology etc. will have accuracy greater than 70%.â€‹ â€‹ On-campus dining locations, hours, food types, etc. will have accuracy greater than 50%. â€‹ Food trucksâ€™ general locations, hours, and food types on Drexel Campus will have accuracy greater than 40%.",Performance,Performance,The system shall The overall accuracy of the Web APIâ€™s response will be measured using a developer-made testing set.,sugerido,,
"The primary attribute of this application will be usability given the large amounts of data and information that will be presented on such a small screen, as well as the userâ€™s ability to input data into the device in a reasonable manner that should not be that much more difficult than if they were at an actual computer.",Usability,too_long,,,"The primary attribute of this application will be usability given the large amounts of data and information that will be presented on such a small screen, as well as the userâ€™s ability to input data into the device in a reasonable manner that should not be that much more difficult than if they were at an actual computer.",Usability,Usability,"The system shall the primary attribute of this application will be usability given the large amounts of data and information that will be presented on such a small screen, as well as the userâ€™s ability to input data into the device in a reasonable manner that should not be that much more difficult than if they were at an actual computer.",sugerido,,
"Application maintainers should be able to maintain the application, without having knowledge about Java Android programming. They should be able to modify the approximate appearance of the application. This means the colors, and GUI figures in the applications, but not the addition/deletion of GUI elements.",Usability,too_long,,,"Application maintainers should be able to maintain the application, without having knowledge about Java Android programming. They should be able to modify the approximate appearance of the application. This means the colors, and GUI figures in the applications, but not the addition/deletion of GUI elements.",Usability,Usability,"The Application shall maintainers should be able to maintain the application, without having knowledge about Java Android programming. They should be able to modify the approximate appearance of the application. This means the colors, and GUI figures in the applications, but not the addition/deletion of GUI elements.",sugerido,,
An application instance shall be able to be reusable every semester for a returning student.The user will be able to update their class schedule by having the application check for a registered schedule set for the next semester and if the current school semester is over.Application components will be able to be integrated into the larger RU Mobile application developed and maintained by Radford University.,Usability,too_long,,,An application instance shall be able to be reusable every semester for a returning student.The user will be able to update their class schedule by having the application check for a registered schedule set for the next semester and if the current school semester is over.Application components will be able to be integrated into the larger RU Mobile application developed and maintained by Radford University.,NFR,Usability,,aprovado,Usability,Usability
"FAU class contains requirements for recording the occurrence of security relevant events that take place under TSF control. This family identifies the level of auditing, enumerates the types of events that shall be auditable by the TSF, and identifies the minimum set of audit related information that should be provided within various audit record types. The following extended requirement for the FAU class has been included in this ST because the operational environment is capable of providing security audit generation for TSF functions.",Security,too_long,,,"FAU class contains requirements for recording the occurrence of security relevant events that take place under TSF control. This family identifies the level of auditing, enumerates the types of events that shall be auditable by the TSF, and identifies the minimum set of audit related information that should be provided within various audit record types. The following extended requirement for the FAU class has been included in this ST because the operational environment is capable of providing security audit generation for TSF functions.",NFR,Security,,aprovado,Security,Security
"Performance should not be an issue because all of our server queries involve small pieces of data. Changing screens will require very little computation and thus will occur very quickly. Server updates should only take a few seconds as long as the phone can maintain a steady signal. The cost-division algorithms used by in application will be highly efficient, taking only a fraction of a second to compute.",Performance,too_long,,,"Performance should not be an issue because all of our server queries involve small pieces of data. Changing screens will require very little computation and thus will occur very quickly. Server updates should only take a few seconds as long as the phone can maintain a steady signal. The cost-division algorithms used by in application will be highly efficient, taking only a fraction of a second to compute.",NFR,Performance,,aprovado,Performance,Performance
SplitPay will not affect data stored outside of its servers nor will it affect any other applications installed on the userâ€™s phone. It cannot cause any damage to the phone or its internal components. The only potential safety concern associated with this application applies to virtually all handset apps: SplitPay should not be used while operating a vehicle or in any other situation where the userâ€™s attention must be focused elsewhere.,Functional,too_long,,,SplitPay will not affect data stored outside of its servers nor will it affect any other applications installed on the userâ€™s phone. It cannot cause any damage to the phone or its internal components. The only potential safety concern associated with this application applies to virtually all handset apps: SplitPay should not be used while operating a vehicle or in any other situation where the userâ€™s attention must be focused elsewhere.,Functional,Functional,The system shall SplitPay will not affect data stored outside of its servers nor will it affect any other applications installed on the user €™s phone.,sugerido,,
"This application assumes that only the user or whoever he/she allows will have access to his/her Android handset. With that being said, only a Google email address is required to verify the identity of the user upon opening the app. Since it is not password protected, there is no method to authenticate the userâ€™s identity. This could only pose a thread if a user has set up PayPal functionality, however any transaction involving real currency must be authorized and confirmed before becoming final. The PayPal API provides all of the security checks needed to ensure that no fraudulent transactions occur.",Security,too_long,,,"This application assumes that only the user or whoever he/she allows will have access to his/her Android handset. With that being said, only a Google email address is required to verify the identity of the user upon opening the app. Since it is not password protected, there is no method to authenticate the userâ€™s identity. This could only pose a thread if a user has set up PayPal functionality, however any transaction involving real currency must be authorized and confirmed before becoming final. The PayPal API provides all of the security checks needed to ensure that no fraudulent transactions occur.",Security,Security,"The system shall This application assumes that only the user or whoever he/she allows will have access to his/her Android handset. With that being said, only a Google email address is required to verify the identity of the user upon opening the app. Since it is not password protected, there is no method to authenticate the user €™s identity.",sugerido,,
The graphical user interface of SplitPay is to be designed with usability as the first priority. The app will be presented and organized in a manner that is both visually appealing and easy for the user to navigate. There will be feedbacks and visual cues such as notifications to inform users of updates and pop-ups to provide users with instructions.,Usability,too_long,,,The graphical user interface of SplitPay is to be designed with usability as the first priority. The app will be presented and organized in a manner that is both visually appealing and easy for the user to navigate. There will be feedbacks and visual cues such as notifications to inform users of updates and pop-ups to provide users with instructions.,NFR,Usability,,aprovado,Usability,Usability
"To ensure reliability and correctness, there will be zero tolerance for errors in the algorithm that computes and splits expenses between group members. To maintain flexibility and adaptability, the app will take into account situations in which a user loses internet connection or for whatever reason cannot establish a connection with the server. These users will still be able to use the application, but any Bills, transactions, etc. posted while disconnected will be cached until the connection is restored.",Reliability,too_long,,,"To ensure reliability and correctness, there will be zero tolerance for errors in the algorithm that computes and splits expenses between group members. To maintain flexibility and adaptability, the app will take into account situations in which a user loses internet connection or for whatever reason cannot establish a connection with the server. These users will still be able to use the application, but any Bills, transactions, etc. posted while disconnected will be cached until the connection is restored.",Reliability,Reliability,"The system shall To ensure reliability and correctness, there will be zero tolerance for errors in the algorithm that computes and splits expenses between group members. ",sugerido,,
"Mobile application - Search DESC: Given that a user is logged in to the mobile application, then the first page that is shown should be the search page. The user should be able to search for a restaurant, according to several search options. The search options are Price, Destination, Restaurant type and Specific dish. There should also be a free text search option. A user should be able to select multiple search options in one search.",Functional,too_long,,,"Mobile application - Search DESC: Given that a user is logged in to the mobile application, then the first page that is shown should be the search page. The user should be able to search for a restaurant, according to several search options. The search options are Price, Destination, Restaurant type and Specific dish. There should also be a free text search option. A user should be able to select multiple search options in one search.",Functional,Functional,"The user should be able to search for a restaurant, according to several search options. The search options are Price, Destination, Restaurant type and Specific dish. There should also be a free text search option. A user should be able to select multiple search options in one search.",sugerido,,
"Mobile application - Search result in a map view DESC: Search results can be viewed on a map. On the map, the relevant and closest restaurants according to the userâ€™s position are shown. A specific pin will represent a specific restaurant location. On each pin there should be an information link. There should be maximally 100 results displayed. The map view should have a default zoom. The map view should include a button that, when selected, should display different filtering options in a filtering menu.",Functional,too_long,,,"Mobile application - Search result in a map view DESC: Search results can be viewed on a map. On the map, the relevant and closest restaurants according to the userâ€™s position are shown. A specific pin will represent a specific restaurant location. On each pin there should be an information link. There should be maximally 100 results displayed. The map view should have a default zoom. The map view should include a button that, when selected, should display different filtering options in a filtering menu.",Functional,Functional,The system shall Mobile application - Search result in a map view DESC: Search results can be viewed on a map. ,sugerido,,
"Mobile application - Search result in a list view Search results can be viewed in a list. Each element in the list represents a specific restaurant. Each element should include the restaurant name, telephone number, type of food, distance according to the userâ€™s position, average price, a short two-line description, a link to the restaurantâ€™s web-page and an information link. There should be maximally 100 results displayed. If the result contains more restaurants than what can be displayed on the screen at one time, the user should be able to scroll through them. When searching by price the restaurants should be sorted according to the following order: 1. average price 2. distance 3. restaurant type 4. specific dish When searching by a search option, other than price, the restaurants should be sorted according to the following order: 1. distance 2. average price 3. restaurant type 4. specific dish The list view should include a header with different selectable sorting options. The list view should include a button that, when selected, should display different filtering options in a filtering menu.",Usability,too_long,,,"Mobile application - Search result in a list view Search results can be viewed in a list. Each element in the list represents a specific restaurant. Each element should include the restaurant name, telephone number, type of food, distance according to the userâ€™s position, average price, a short two-line description, a link to the restaurantâ€™s web-page and an information link. There should be maximally 100 results displayed. If the result contains more restaurants than what can be displayed on the screen at one time, the user should be able to scroll through them. When searching by price the restaurants should be sorted according to the following order: 1. average price 2. distance 3. restaurant type 4. specific dish When searching by a search option, other than price, the restaurants should be sorted according to the following order: 1. distance 2. average price 3. restaurant type 4. specific dish The list view should include a header with different selectable sorting options. The list view should include a button that, when selected, should display different filtering options in a filtering menu.",Usability,Usability,"The list view should include a button that, when selected, should display different filtering options in a filtering menu.",sugerido,,
"Mobile application - Navigation to restaurant DESC: A user should be able to select a pin on a map or an element on a list. When a selection is made, the location of the restaurant should be sent to the mobile phoneâ€™s GPS-navigation program. The user should then be navigated to the destination. When the destination is reached, a user should be able to go back to the search page on the mobile application.",Functional,too_long,,,"Mobile application - Navigation to restaurant DESC: A user should be able to select a pin on a map or an element on a list. When a selection is made, the location of the restaurant should be sent to the mobile phoneâ€™s GPS-navigation program. The user should then be navigated to the destination. When the destination is reached, a user should be able to go back to the search page on the mobile application.",Functional,Functional,"A user should be able to select a pin on a map or an element on a list. When a selection is made, the location of the restaurant should be sent to the mobile phone ™s GPS-navigation program. The user should then be navigated to the destination. When the destination is reached, a user should be able to go back to the search page on the mobile application.",sugerido,,
"Mobile application - Selecting the information link DESC: A user should be able to select the information link, which is included on all result items. The link will direct the user to an information page, which includes a picture of the restaurant, the restaurant name, address, phone number, e-mail address, type of food, average price, restaurant description and a menu with name, description and price of the different dishes.",Functional,too_long,,,"Mobile application - Selecting the information link DESC: A user should be able to select the information link, which is included on all result items. The link will direct the user to an information page, which includes a picture of the restaurant, the restaurant name, address, phone number, e-mail address, type of food, average price, restaurant description and a menu with name, description and price of the different dishes.",Functional,Functional,"A user should be able to select the information link, which is included on all result items. The link will direct the user to an information page, which includes a picture of the restaurant, the restaurant name, address, phone number, e-mail address, type of food, average price, restaurant description and a menu with name, description and price of the different dishes.",sugerido,,
"Mobile application - Search by destination DESC: A user should be able to input a maximum and a minimum distance, according to his/her position. By default the minimum distance is set to 0 km and the maximum to 10 km. The user should be able to input a higher or lower maximum distance and a higher minimum distance than set by default. The result is displayed in a map view by default.",Functional,too_long,,,"Mobile application - Search by destination DESC: A user should be able to input a maximum and a minimum distance, according to his/her position. By default the minimum distance is set to 0 km and the maximum to 10 km. The user should be able to input a higher or lower maximum distance and a higher minimum distance than set by default. The result is displayed in a map view by default.",Functional,Functional,,aprovado,Functional,Functional
"Mobile application - Sorting results DESC: When viewing the results in a list, a user should be able to sort the results according to price, distance, restaurant type, specific dish or restaurant name. When sorting by restaurant name, specific dish or restaurant type the results should be ordered alphabetically. When sorting by price the results should be ordered from cheapest to most expensive. When sorting by distance the results should be ordered from closets to furthest distance according to the userâ€™s position. When the sort button for a specific search option is clicked, then the order should be reversed and ordered in a descending matter. If the sort button is clicked again the order of the results should be reversed.",Functional,too_long,,,"Mobile application - Sorting results DESC: When viewing the results in a list, a user should be able to sort the results according to price, distance, restaurant type, specific dish or restaurant name. When sorting by restaurant name, specific dish or restaurant type the results should be ordered alphabetically. When sorting by price the results should be ordered from cheapest to most expensive. When sorting by distance the results should be ordered from closets to furthest distance according to the userâ€™s position. When the sort button for a specific search option is clicked, then the order should be reversed and ordered in a descending matter. If the sort button is clicked again the order of the results should be reversed.",Functional,Functional,"The system shall Mobile application - Sorting results DESC: When viewing the results in a list, a user should be able to sort the results according to price, distance, restaurant type, specific dish or restaurant name. ",sugerido,,
"Mobile application - Filtering results DESC: When viewing the results in a list or a map, a user should be able to filter the results in a filtering menu. The filtering options include: increasing or decreasing the maximum distance increasing or decreasing the maximum price choosing a restaurant type choosing a specific dish",Functional,too_long,,,"Mobile application - Filtering results DESC: When viewing the results in a list or a map, a user should be able to filter the results in a filtering menu. The filtering options include: increasing or decreasing the maximum distance increasing or decreasing the maximum price choosing a restaurant type choosing a specific dish",Functional,Functional,,aprovado,Functional,Functional
"Mobile application - Profile page DESC: On the mobile application, a user should have a profile page. On the profile page a user can edit his/her information, which includes the password, e-mail address and phone number. A user should also be able to choose what language the mobile application should be set to. The different language choices are Swedish, English, Spanish and French.",Functional,too_long,,,"Mobile application - Profile page DESC: On the mobile application, a user should have a profile page. On the profile page a user can edit his/her information, which includes the password, e-mail address and phone number. A user should also be able to choose what language the mobile application should be set to. The different language choices are Swedish, English, Spanish and French.",Functional,Functional,,aprovado,Functional,Functional
Required information for registration Given the restaurant owner wants to create an account And the restaurant owner does not have an account When the restaurant owner registers on the web-portal by providing user-name And password And address And e-mail address And phone number Then the restaurant owner should be able to apply for verification,Usability,too_long,,,Required information for registration Given the restaurant owner wants to create an account And the restaurant owner does not have an account When the restaurant owner registers on the web-portal by providing user-name And password And address And e-mail address And phone number Then the restaurant owner should be able to apply for verification,Usability,Usability,,aprovado,Usability,Usability
Full information for registration Given the restaurant owner wants to create an account And the restaurant owner does not have an account When the restaurant owner registers on the web-portal by providing user name And password And address And e-mail address And phone number And mobile number Then the restaurant owner should be able to apply for verification,Functional,too_long,,,Full information for registration Given the restaurant owner wants to create an account And the restaurant owner does not have an account When the restaurant owner registers on the web-portal by providing user name And password And address And e-mail address And phone number And mobile number Then the restaurant owner should be able to apply for verification,Functional,Functional,,aprovado,Functional,Functional
Filling in optional fields Given the restaurant owner of a restaurant wants to fill in optional fields in the form When the restaurant owner provides restaurant description And menu And type of restaurant And picture of restaurant And mobile phone Then the restaurant owner has filled in optional fields in the form,Functional,too_long,,,Filling in optional fields Given the restaurant owner of a restaurant wants to fill in optional fields in the form When the restaurant owner provides restaurant description And menu And type of restaurant And picture of restaurant And mobile phone Then the restaurant owner has filled in optional fields in the form,Functional,Functional,,aprovado,Functional,Functional
"The server will reply with either data or an error, see R4.1.3.5. The client will be able to parse the JSON and determine if there was an error. The server will send all API data in JSON response documents with the header Content-Type: application/json. The server will respond with a 200 OK status code if a request has the header Content-Type: application/json and is a valid API query. The server will respond with a 400 Bad Request status code if a request does not specify the header Content-Type: application/json OR is a malformed API query.",Performance,too_long,,,"The server will reply with either data or an error, see R4.1.3.5. The client will be able to parse the JSON and determine if there was an error. The server will send all API data in JSON response documents with the header Content-Type: application/json. The server will respond with a 200 OK status code if a request has the header Content-Type: application/json and is a valid API query. The server will respond with a 400 Bad Request status code if a request does not specify the header Content-Type: application/json OR is a malformed API query.",Performance,Performance,The server will respond with a 400 Bad Request status code if a request does not specify the header Content-Type: application/json OR is a malformed API query.,sugerido,,
"API responses are defined in JSON, specified by [RFC 7159]. A JSON object will be the root of every API response. The response document will contain at least one of the following top-level members: Data: the documentâ€™s â€œprimary data,â€ in this case, the response to the clientâ€™s query. Errors: an array of error objects stating what went wrong with the clientâ€™s request, should any issues arise. The top-level members specified in R4.1.3.3 will not coexist in the same JSON document. If data is present, errors will be absent and vice versa.",Performance,too_long,,,"API responses are defined in JSON, specified by [RFC 7159]. A JSON object will be the root of every API response. The response document will contain at least one of the following top-level members: Data: the documentâ€™s â€œprimary data,â€ in this case, the response to the clientâ€™s query. Errors: an array of error objects stating what went wrong with the clientâ€™s request, should any issues arise. The top-level members specified in R4.1.3.3 will not coexist in the same JSON document. If data is present, errors will be absent and vice versa.",Performance,Performance,"The system shall API responses are defined in JSON, specified by [RFC 7159]",sugerido,,
"This unit will receive a text string from the URL parameter.â€‹ This unit will identify important words in the sentence and replace them with generic representations preceded by an escape character. (example: â€œPISBâ€ becomes â€œ$buildingâ€) â€‹This unit will output the sentence as a string, as described in R4. â€‹This unit will output a map of generic representations to the words they replaced.",Usability,too_long,,,"This unit will receive a text string from the URL parameter.â€‹ This unit will identify important words in the sentence and replace them with generic representations preceded by an escape character. (example: â€œPISBâ€ becomes â€œ$buildingâ€) â€‹This unit will output the sentence as a string, as described in R4. â€‹This unit will output a map of generic representations to the words they replaced.",Usability,Usability,The system shall This unit will receive a text string from the URL parameter.,sugerido,,
